"conversation_id_str","created_at","favorite_count","full_text","id_str","image_url","in_reply_to_screen_name","lang","location","quote_count","reply_count","retweet_count","tweet_url","user_id_str","username"
"1962131605394538683","Sun Aug 31 12:37:15 +0000 2025","0","Itulah pentingnya kampanye literasi kesempatan mental guys karena hal tersebut berguna bagi kita untuk mengenali gejala-gejala gangguan kesehatan mental. Mungkin masyarakat sudah paham untuk mengenali gejala depresi atau kecemasan namun untuk gejala psikosis masih kurang","1962132575750914498","","cbahngers","in","","0","0","0","https://x.com/undefined/status/1962132575750914498","1816388905106825220",
"1962131762773148135","Sun Aug 31 12:34:01 +0000 2025","0","Lebih depresi lagi karena masih banyak yang milih diam dan ga bersuara itu ya WNI sendiri. Kacau.","1962131762773148135","","","in","","0","0","0","https://x.com/undefined/status/1962131762773148135","1929833376875438080",
"1962130774095978792","Sun Aug 31 12:30:05 +0000 2025","0","gue kaya orang depresi anjir seharian ga nyalain lampu kamar. pusing bgt beneran ga ilang ilang ih","1962130774095978792","","","in","","0","0","0","https://x.com/undefined/status/1962130774095978792","1056525687853481984",
"1962044850775503229","Sun Aug 31 12:21:50 +0000 2025","0","@Theatricalune Kliatan depresi bgt soalnyh","1962128698586608026","","Yorugn","in","","0","1","0","https://x.com/undefined/status/1962128698586608026","1823975875391709186",
"1962127266538045645","Sun Aug 31 12:16:09 +0000 2025","0","Ya makanya gua smpe depresi kan.. Karena setelah yg gua lalui gaada yang mengakui gua im mhd smpe beberapa tahun.. Jd gua anggep dan keluarga gua anggep itu aib keluarga org teriak teriak org kan ga ngerti bikin malu tetangga lah istilahnya makanya keluarga gua tutupinn","1962127266538045645","","","in","","0","0","0","https://x.com/undefined/status/1962127266538045645","1080844414430281730",
"1962072504094318635","Sun Aug 31 12:15:58 +0000 2025","0","@TalkTalkabo @MamatAlkatiri Chaos ini sebetulnya akumulasi 10 tahun hidup makin susah pengangguran makin banyak orang banyak yg stress &amp; depresi..","1962127221428203854","","TalkTalkabo","in","","0","1","0","https://x.com/undefined/status/1962127221428203854","2570512811",
"1962125786502377496","Sun Aug 31 12:13:27 +0000 2025","0","APA AKU HARUS MEMBERI CATATAN UNTUK KEUAR DARI DEPRESI YA? dulu gejalaku parah sih. dan waliku memperlakukan aku dengan buruk. aku sengaja seolah sangat ceria biar gak ada khawatir.","1962126587366920679","","royyana1304971","in","","0","0","0","https://x.com/undefined/status/1962126587366920679","1329190524897558530",
"1962126332059689072","Sun Aug 31 12:12:26 +0000 2025","0","Serius ini orang yg jahatin mahasiswa atau orang demo yg gak salah gue doain hidup lo gak damai sampe bikin lo depresi dan akhirnya ngambil nyawa sendiri tp gagal terus frustasi jadi sekarat pas sekarat sakaratul mautnya susah pas udah meninggal masuk neraka paling bawah.","1962126332059689072","","","in","","0","0","0","https://x.com/undefined/status/1962126332059689072","1616416086379089923",
"1962125234406047801","Sun Aug 31 12:08:05 +0000 2025","0","Asli dah gak nafsu ngapa ngapain kayak berada di fase depresi.","1962125234406047801","","","in","","0","0","0","https://x.com/undefined/status/1962125234406047801","1880191294431199232",
"1962005782133887401","Sun Aug 31 11:40:15 +0000 2025","0","@peacefulhikes Meme yang dibuat karna depresi jadi WNI ","1962118232548225470","","peacefulhikes","in","","0","1","0","https://x.com/undefined/status/1962118232548225470","1278210436928696320",
"1962112585630888200","Sun Aug 31 11:17:49 +0000 2025","1","Isilop ngomongin demonstran ada yg tes urin positif narkoba orang yang lagi berobat ke psikiater karena cemas dan depresi juga bisa aja hasil tes urinnya positif narkoba. Dikira yg demo tuh pecandu semua apa gimana sih yg kayak gitu malah dimasalahin","1962112585630888200","","","in","","0","0","0","https://x.com/undefined/status/1962112585630888200","1817725809903411200",
"1962104055016394787","Sun Aug 31 11:11:57 +0000 2025","0","@cheriieezx @txtdaritng warga tangsel ngejarah aja udh dua kata lucu orang warganya sibuk depresi sama mageran","1962111110502645898","","cheriieezx","in","","0","0","1","https://x.com/undefined/status/1962111110502645898","1352643811030102019",
"1962105626537943296","Sun Aug 31 11:09:36 +0000 2025","0","@tanyarlfes Mereka tau kita depresi makanya iyain aja ","1962110516719128857","","tanyarlfes","in","","0","0","0","https://x.com/undefined/status/1962110516719128857","1343497380",
"1962110308065169553","Sun Aug 31 11:08:51 +0000 2025","0","Dalam Stoik emosi negatif bukan musuh. Penyesalan kecewa sakit hati itu semua guru. Kitalah yang menentukan apakah luka itu kutukan atau pelajaran. Saya memilih memaknai depresi saya sebagai proses menjadi manusia yang lebih kuat. Saya lemah dan itu tidak apa-apa.","1962110329909022959","","Berlalu_Lalang","in","","0","0","0","https://x.com/undefined/status/1962110329909022959","1052203258544943104",
"1962110308065169553","Sun Aug 31 11:08:49 +0000 2025","0","Dan ketika semua itu beneran terjadi saya ya sudah lah aja yang penting tugas saya sudah selesai. Saya bahkan tak bertanya kenapa dia masih tetap tidak menyukai saya setelah semua yang saya lakukan bahkan saat saya sendiri masih berjuang untuk pulih dari depresi.","1962110322699059266","","Berlalu_Lalang","in","","0","1","0","https://x.com/undefined/status/1962110322699059266","1052203258544943104",
"1961787275144049054","Sun Aug 31 10:43:16 +0000 2025","0","@worksfess 3x grgr depresi semua","1962103889513378205","","worksfess","in","","0","0","0","https://x.com/undefined/status/1962103889513378205","3350425624",
"1962103411891167685","Sun Aug 31 10:41:22 +0000 2025","0","makasih clpl but also tidak makasih clpl karena udah bikin tsukasa depresi di saat2 seperti ini","1962103411891167685","","","in","","0","0","0","https://x.com/undefined/status/1962103411891167685","1152263429270278144",
"1962102142216651082","Sun Aug 31 10:36:19 +0000 2025","0","Gua jadi ketua poker tertekan depresi gada njir yg support *iri*","1962102142216651082","","","in","","0","0","0","https://x.com/undefined/status/1962102142216651082","1283601783219052544",
"1962101889199431858","Sun Aug 31 10:35:19 +0000 2025","0","izin ritwitin tsukasa depresi","1962101889199431858","","","in","","0","0","0","https://x.com/undefined/status/1962101889199431858","1152263429270278144",
"1962099061831725300","Sun Aug 31 10:24:05 +0000 2025","0","negara kacau tp jangan lupa tetap ngentiaw biar ga makin depresi","1962099061831725300","","","in","","0","0","0","https://x.com/undefined/status/1962099061831725300","1238634445298515969",
"1962095108607947214","Sun Aug 31 10:11:03 +0000 2025","0","@ksjjiin Die ni depresi keknya. Ga terima di putusin","1962095782414401647","","ksjjiin","in","","0","1","0","https://x.com/undefined/status/1962095782414401647","1644940219744137216",
"1962091204721717710","Sun Aug 31 10:03:02 +0000 2025","0","@bloomyjin Tuh cewe makin di ganggu makin depresi. Nanti up video yg kaga2","1962093766250221765","","bloomyjin","in","","0","1","0","https://x.com/undefined/status/1962093766250221765","1644940219744137216",
"1962092291520426134","Sun Aug 31 09:57:10 +0000 2025","1","Depresi banget liat keadaan tambah hari tambah begini Ya Allah tolong mudahkan ","1962092291520426134","","","in","","0","0","0","https://x.com/undefined/status/1962092291520426134","1237575043191681024",
"1961402180461842604","Sun Aug 31 09:37:37 +0000 2025","2","@BoloneWilliam @transjawirout @Marchfoward Wkwkwk gue malah seneng liat mereka spin topic tambah meyakinkan rate depresi tertinggi di ASEAN itu nyata","1962087370888794200","","BoloneWilliam","in","","0","2","0","https://x.com/undefined/status/1962087370888794200","1300303507463970819",
"1962085640948060485","Sun Aug 31 09:30:45 +0000 2025","0","Sedih liat sepupu harus mengalami depresi lagi tp kada separah awal awal pertama kali kena.","1962085640948060485","","","in","","0","1","0","https://x.com/undefined/status/1962085640948060485","1373609420",
"1962078136402895094","Sun Aug 31 09:00:56 +0000 2025","4","gila gue saking depresi nya sama kondisi negara hari ini sampe tidur mulu anjirr kayak gue udah di tahap mikir gue hidup buat apa ya jirr","1962078136402895094","","","in","","0","1","0","https://x.com/undefined/status/1962078136402895094","1506691938300592132",
"1962075503571165641","Sun Aug 31 08:50:28 +0000 2025","0","Segala period on fase depresi gue blm abis skeng skit kepala bgt gilaa","1962075503571165641","","","in","","0","0","0","https://x.com/undefined/status/1962075503571165641","1497382060612546562",
"1962073948197400815","Sun Aug 31 08:44:17 +0000 2025","0","balik indonesia lgsung depresi gw pls gamau pulang","1962073948197400815","","","in","","0","5","0","https://x.com/undefined/status/1962073948197400815","1807679888872407040",
"1962010680997097530","Sun Aug 31 08:36:00 +0000 2025","0","@catpricen lagi sibuk depresi dan ngemaki pemerintah â€ï¸â€ï¸","1962071864005853539","","catpricen","in","","0","0","0","https://x.com/undefined/status/1962071864005853539","1636638780420689922",
"1962013471685705973","Sun Aug 31 08:08:14 +0000 2025","2","@antaranews Nih ustadz gak ngerti rakyat banyak yg depresi menurut psikolog yg namanya kena depresi jgn dinasehatin tp d dengerin ngerti ora ???","1962064874315596206","","antaranews","in","","0","0","0","https://x.com/undefined/status/1962064874315596206","2450716945",
"1962057410006425865","Sun Aug 31 07:59:07 +0000 2025","0","dia jg sbnrnya ignorant sama mental illness sih prnh dia bilang ke gua knp sih orng pada depresi pdhl tinggal positive thinking aja bro you won t understand until you actually suffers depression. think positive will be so hard when you have mental illness","1962062581671297316","","konpeitoorchid","in","","0","0","0","https://x.com/undefined/status/1962062581671297316","1025088780892426240",
"1961996387014561841","Sun Aug 31 07:33:22 +0000 2025","0","@viictorvales intinya gw ngomong kajian2 ttg palestina masih banyak fokus ngebahas sebatas ayat bknny mengakui penderitaan mereka kesedihan mereka mereka yg bisa depresi dan jg mereka yg punya satu sm lain untuk melewati itu semua mereka jg manusia biasa kayak kita","1962056101719068898","","viictorvales","in","","0","1","0","https://x.com/undefined/status/1962056101719068898","1287975812184997888",
"1961990077875429860","Sun Aug 31 07:31:49 +0000 2025","163","@wierdfishe dulu dia pernah curhat di twitter ktnya depresi karena dari kecil sering dipaksa kerja jd artis ","1962055712177279226","","wierdfishe","in","","0","0","1","https://x.com/undefined/status/1962055712177279226","969662391066673152",
"1961713039801029017","Sun Aug 31 07:29:28 +0000 2025","0","@reyvanGali @tanyakanrl Dua-dua busuk. Tapi obejektively Fufufafa is still better walau nggak banyak. Mending depresi terapi bisa sembuh. Kalo gila? Sulit. Dia akarnya. Dia yang bikin orang normal ikutan gila/depresi.","1962055118649704760","","reyvanGali","in","","0","1","0","https://x.com/undefined/status/1962055118649704760","1926060570899365888",
"1962049422004826471","Sun Aug 31 07:13:59 +0000 2025","0","@user1823757 main plis aku depresi","1962051222317465911","","altarofsilence","in","","0","0","0","https://x.com/undefined/status/1962051222317465911","754898577936089088",
"1962040756522393656","Sun Aug 31 07:08:00 +0000 2025","0","@MilizeTaiin @HayakawaTaiin Dia dalam depresi mode.","1962049717665509629","","MilizeTaiin","in","","0","0","0","https://x.com/undefined/status/1962049717665509629","846297641889611776",
"1962045476058136738","Sun Aug 31 06:51:09 +0000 2025","1","Kisah Pahit Solbi di Problem Child In House Skandal Video Palsu 2009 #Solbi #ProblemChildInHouse Baca selengkapnya di Kynaonline : https://t.co/RNVtIXO5IS","1962045476058136738","","","in","","0","0","0","https://x.com/undefined/status/1962045476058136738","1763799213312446464",
"1961713039801029017","Sun Aug 31 06:46:11 +0000 2025","0","@proteintumbuhan @tanyakanrl Gapapa mata mu. Orang depresi dan tolol kok disuruh mimpin negara. Berarti elu ternak mulyono","1962044227967467776","","proteintumbuhan","in","","0","2","0","https://x.com/undefined/status/1962044227967467776","1783386052411232256",
"1962042856799170813","Sun Aug 31 06:40:44 +0000 2025","0","Rate + review series bl on going yg lagi aing tonton 1. My magic prophecy (4.5/5) angst udah makanannya jimmysea sih jd pasti bagus emotionalnya In itu beneran real strugglenya org2 yg depresi grgr di tinggal tuh beneran sekacau itu. Plotnya fresh. Suka bgtt","1962042856799170813","","","in","","0","1","1","https://x.com/undefined/status/1962042856799170813","1231707431253602304",
"1962039911584018795","Sun Aug 31 06:29:02 +0000 2025","0","Bisa ngg ya minta bantuan ke Kapten Price Ghost Soap Farah Alex Gaz buat nembakin polisi2 itu balik? Terus minta Kate lacak keberadaan TIKUS2 TAI ITU biar ditembak satu persatu Sorry gais udh terlalu depresi jadi ngehaluin game play","1962039911584018795","","","in","","0","0","0","https://x.com/undefined/status/1962039911584018795","1247381393962725377",
"1962039685175468509","Sun Aug 31 06:28:08 +0000 2025","1","mood w marah marah sedih depresi kecewa hopeless liat tl senengnya cuma tiap liat wonyoung aja thats whats make me sane right now Lebih miris lagi kena sindir sama rekan sejawat gara2 w repost banyak ttg domonstrasi ini di paltform lain tapi bodo amatt gak ngaruhh","1962039685175468509","","","in","","0","1","0","https://x.com/undefined/status/1962039685175468509","1005478591583227904",
"1961626949710917967","Sun Aug 31 06:22:48 +0000 2025","0","@ILAYRIEGR0W Berapa bulan penyakit kelamin terdeteksi? Anak yang depresi semoga makin depresi","1962038342637469719","","ILAYRIEGR0W","in","","0","0","0","https://x.com/undefined/status/1962038342637469719","1658479855888130051",
"1962036171799949351","Sun Aug 31 06:15:42 +0000 2025","21","mencoba membangkitkan paps dngn caranya ( iykyk ). Biru melambangkan depresi dan jg kesan dingin badannya mulai dingin tuh","1962036554702184843","","kountolodo","in","","0","1","0","https://x.com/undefined/status/1962036554702184843","1494201333846798336",
"1961713039801029017","Sun Aug 31 06:01:02 +0000 2025","0","@reyvanGali @tanyakanrl Gibran itu depresi dan butuh pertolongan mental.","1962032863991546336","","proteintumbuhan","in","","0","1","0","https://x.com/undefined/status/1962032863991546336","1926060570899365888",
"1962032231352086999","Sun Aug 31 05:58:31 +0000 2025","0","Bangke jadi nginget lagi pas jaman kkn. Aku emang dari awal gk minat kkn dan kkn itu sampah kalau dipaksakan. Meski gitu aku minta maaf karena jadi ketua yang gk kontribusi tapi gk bisa berubah karena depresi karena kkn terus juga malah bikin blunder lagi.","1962032231352086999","","","in","","0","0","0","https://x.com/undefined/status/1962032231352086999","1424976280940802049",
"1962031372551520450","Sun Aug 31 05:55:06 +0000 2025","0","Saking depresi nya semua jadi lucu","1962031372551520450","","","in","","0","0","0","https://x.com/undefined/status/1962031372551520450","1712873627782467584",
"1962029724538138903","Sun Aug 31 05:48:41 +0000 2025","0","Stress &amp; Epigenetik Kajian tunjuk stress kronik boleh ubah tanda epigenetik pada gen yang kawal: metabolisme gula &amp; lemak sistem imun kesihatan otak. Switch sihat dimatikan switch sakit dihidupkan â†’ risiko obesiti diabetes penyakit jantung depresi. https://t.co/xLzVjKvJ8u","1962029758440759760","https://pbs.twimg.com/media/GzqHqZ_a8AAnAwm.jpg","Tetuanhutan","in","","0","1","0","https://x.com/undefined/status/1962029758440759760","1689972352598396928",
"1962016785991115118","Sun Aug 31 05:41:52 +0000 2025","0","@superdayracaca Padahal Hoshi diem diem aja mereka malah bikin berita dating carat aja ga ngurusin depresi berat kayaknya","1962028039782695279","","superdayracaca","in","","0","1","0","https://x.com/undefined/status/1962028039782695279","1315202374978342912",
"1962014577010622691","Sun Aug 31 05:27:33 +0000 2025","0","@zhouanxinp ini lucu ama depresi gak ada bedanya jean","1962024440407138453","","zhouanxinp","in","","0","0","0","https://x.com/undefined/status/1962024440407138453","742260912334069760",
"1962024255203537214","Sun Aug 31 05:26:49 +0000 2025","0","Gue muak stay di Jateng. Tapi kalo pindah ke jakarta apalagi kalo suatu saat harus ikut suami kerja gue takut terjebak di area demo. Apalagi gue penyintas anxiety disorder dan depresi","1962024255203537214","","","in","","0","0","0","https://x.com/undefined/status/1962024255203537214","1425822131544236045",
"1962023951548424427","Sun Aug 31 05:25:37 +0000 2025","0","JANGAN KEMAKAN TEMPLATE TOLOL DARI AKUN BUZZER SEPERTI INI JANGAN BUAT OBJEK VITAL RUSAK. DEMONSTRASI UNTUK MENYAMPAIKAN ASPIRASI BUKAN MEMBUAT DEPRESI EKONOMI SETELAH DEMONSTRASI. https://t.co/ANeIpQDxq5","1962023951548424427","https://pbs.twimg.com/media/GzqCYqRa4AAx6G2.jpg","","in","","0","0","0","https://x.com/undefined/status/1962023951548424427","606970021",
"1962012048965214226","Sun Aug 31 05:11:43 +0000 2025","2","@sumatrabase gak usah nder saya awal ngerokok karena sempet depresi. ini mau brenti aja rasanya susah","1962020454190985228","","sumatrabase","in","","0","3","0","https://x.com/undefined/status/1962020454190985228","1780943745124638720",
"1962015927085785377","Sun Aug 31 04:53:44 +0000 2025","0","Niatnya mau sunday reset tp keburu depresi liat timeline ","1962015927085785377","","","in","","0","0","0","https://x.com/undefined/status/1962015927085785377","818371907183472640",
"1962015254633922658","Sun Aug 31 04:51:03 +0000 2025","4","aduh pls 1 aja dong twt lucu kucing main2 bola kek atau video prank kocak. Gw depresi bgt liat twt abt negara ini mulu ...","1962015254633922658","","","in","","0","4","0","https://x.com/undefined/status/1962015254633922658","1710232878439923712",
"1962014444147679692","Sun Aug 31 04:47:50 +0000 2025","4","sunpah udh lama ga rt bokep di akun anet sangking depresi nya jdi wni","1962014444147679692","","","in","","0","0","0","https://x.com/undefined/status/1962014444147679692","1822946194466963456",
"1961802249132458139","Sun Aug 31 04:32:33 +0000 2025","0","@DroshStudios Yuk bully sampe depresi.","1962010599510184435","","DroshStudios","in","","0","0","0","https://x.com/undefined/status/1962010599510184435","120378023",
"1962009811299807532","Sun Aug 31 04:29:26 +0000 2025","0","turunin ego dengerin rakyat pak tolong depresi ainggg","1962009811299807532","","","in","","0","0","0","https://x.com/undefined/status/1962009811299807532","1713951352127397888",
"1962006499477393469","Sun Aug 31 04:16:16 +0000 2025","0","Tinggal di megara ini depresi bgt anjing","1962006499477393469","","","in","","0","1","0","https://x.com/undefined/status/1962006499477393469","1642500527044055040",
"1962004507061371232","Sun Aug 31 04:08:21 +0000 2025","0","gila semoga hidup lo ga bakal bisa bahagia menderita depresi stress sampai mati trs di akhirat nyesel atas segala omongan yg lo udh omongin saat ini taoi udh ga bisa ngapa ngapain krn udh terlanjut telat dan cuma bisa nerima nasib masuk neraka","1962004507061371232","","","in","","0","0","0","https://x.com/undefined/status/1962004507061371232","1471041223678849025",
"1962004206166085791","Sun Aug 31 04:07:09 +0000 2025","0","I just hope wowo buka qrt tweet ini lalu dia feeling despair lalu depresi karena hasil tarotnya dia jelek semua.","1962004206166085791","","","in","","0","0","0","https://x.com/undefined/status/1962004206166085791","1011108567305281536",
"1961909650787627186","Sat Aug 30 22:10:05 +0000 2025","0","@valfverde setelah sekian lama akhirnya bisa ga buat depresi wkwk","1961914345568530676","","valfverde","in","","0","1","0","https://x.com/undefined/status/1961914345568530676","1360106704520679424",
"1961905391727768058","Sat Aug 30 21:43:18 +0000 2025","7","@SeputarMadrid babak 1 mainnya agak mendingan masih intensitas tinggi recover ball cepet peluang banyak. tapi babak 2 nya full boring mbappe udh kliatan depresi 2 gol dianulir ditambah 1 gol arda makin bikin mentak team down sisanya cuma diserang sama gajelas di final third","1961907606915854760","","SeputarMadrid","in","","0","0","0","https://x.com/undefined/status/1961907606915854760","1257687122447753217",
"1961903332206981401","Sat Aug 30 21:26:19 +0000 2025","0","anak diluar negeri depresi di dalam negeri jadi kriminal (efek samping duit haram)","1961903332206981401","","","in","","0","0","0","https://x.com/undefined/status/1961903332206981401","1344096078874873860",
"1961889085141697011","Sat Aug 30 20:29:42 +0000 2025","1","Baru kali ini liburan sambil depresi gara2 tiap balik ke hotel pas buka twitter bacain berita sedih ttg Indonesia sampe males mau posting macem2","1961889085141697011","","","in","","0","0","0","https://x.com/undefined/status/1961889085141697011","1059907185528971264",
"1961832095824896071","Sat Aug 30 20:14:48 +0000 2025","0","@mwv_mystic Relate. Depresi seindonesia raya ini mah","1961885335778205808","","mwv_mystic","in","","0","0","0","https://x.com/undefined/status/1961885335778205808","196451928",
"1961880400172875956","Sat Aug 30 19:55:12 +0000 2025","0","Ya Allah istriku aku depresi","1961880400172875956","","","in","","0","1","0","https://x.com/undefined/status/1961880400172875956","1278466645892100096",
"1961875954252587029","Sat Aug 30 19:37:32 +0000 2025","1","guys berita indonesia ternyata bikin depresi bgt ya lekas pulih","1961875954252587029","","","in","","0","0","0","https://x.com/undefined/status/1961875954252587029","1164940094937059328",
"1961872907573051787","Sat Aug 30 19:25:25 +0000 2025","0","depresi liat berita ga negara ga kerjaan keoss bgt","1961872907573051787","","","in","","0","0","0","https://x.com/undefined/status/1961872907573051787","1405114163253284867",
"1961816961643618324","Sat Aug 30 18:32:14 +0000 2025","1","@Bembieno @fiki_bernandi @kumparan Kadang ga setiap hari ada kerjaan kl gini terus bisa lumpuh dan depresi lama2","1961859521544089899","","Andihar01629747","in","","0","0","0","https://x.com/undefined/status/1961859521544089899","1280767193240592384",
"1961857908314104286","Sat Aug 30 18:25:49 +0000 2025","0","Gw awalnya mau baca buku buat nenangin diri tapi buku gw semua malah bikin lebih depresi soalnya terlalu real &lt;/3","1961857908314104286","","","in","","0","1","0","https://x.com/undefined/status/1961857908314104286","1659434801131315200",
"1961820770432430313","Sat Aug 30 18:25:23 +0000 2025","0","@lvakmal @GasMedsos Auto depresi tar lagi gila.. Ingat Tuhan masih ada &amp; melihat ketamakan anda. Hukum Karma &amp; Hukum Tabur Tuai masih berlaku","1961857799035703701","","lvakmal","in","","0","0","0","https://x.com/undefined/status/1961857799035703701","99291053",
"1961855370638598605","Sat Aug 30 18:15:44 +0000 2025","0","mksie infold sudah hadir di tengah kekisruhann depresi gw mnjadi wni","1961855370638598605","","","in","","0","0","0","https://x.com/undefined/status/1961855370638598605","2195978364",
"1961854068164538672","Sat Aug 30 18:10:33 +0000 2025","0","ini Aldi buka memang krna mau jualan atau pengalihan isu dpr?!?!?! tbtb tongi buka 10 hari ma nakasi depresi grgr tutupi","1961854068164538672","","","in","","0","0","0","https://x.com/undefined/status/1961854068164538672","1759400985905225728",
"1961849867564920891","Sat Aug 30 17:53:52 +0000 2025","1","Mau buka sosmed manapun rasanya depresi... Kapan dah kita dapet pemimpin negara yang bener gk ush bagus dulu lah yang normal dulu aj setidanya.","1961849867564920891","","","in","","0","0","0","https://x.com/undefined/status/1961849867564920891","936803540",
"1961849235382698086","Sat Aug 30 17:51:21 +0000 2025","0","depresi kecil grgr situasi ini buset dah seharian bener bener di kasur doang. keluar kamar cuma buat ambil makan niat bebersih juga gak ada yang dikelarin. itu album aja setelah beberapa jam dulu baru diunboxing. kpop kpopan gw skip terus. gws gw gws indo","1961849235382698086","","","in","","0","0","0","https://x.com/undefined/status/1961849235382698086","2185316515",
"1961830192651137117","Sat Aug 30 17:49:06 +0000 2025","41","@infoXwor_ Brengsek! Katanya udah ada korban ya. Polisi gak sadar diri gaji kalian tiap bulan kami yang bayar. Membunuh sumber penghasilan mu sendiri. Siapapun polisi yang menyakiti rakyat saya sumpahi hartanya tak berkah miskin saat pensiun dan depresi mirip PTSD.","1961848669491339317","","CiervoKing","in","","0","0","1","https://x.com/undefined/status/1961848669491339317","772642152455086080",
"1961836363248218122","Sat Aug 30 17:31:42 +0000 2025","0","@imloveddearly @e100ss affan wafat keluarga malah dapat bantuan sana sini bos kalo mati ga depresi ga bisa kerja krna nganggur malah ga dapat apaÂ²","1961844288201130324","","imloveddearly","in","","0","0","0","https://x.com/undefined/status/1961844288201130324","1856864817795186688",
"1961837879287763143","Sat Aug 30 17:06:14 +0000 2025","6","Izin off sosmed bikin depresi lama lama kalau dilihat. Stay safe guysss please pulang keadaan udha ga kondusif perintah oranÂ² diatas sudah tidak sesuai HAM. Belum lagi para provokasi yang sengaja menyusup untuk kepentingan bersama suatu instansi maupun pribadi.","1961837879287763143","","","in","","0","2","0","https://x.com/undefined/status/1961837879287763143","1471422152163225600",
"1961837230005367241","Sat Aug 30 17:03:39 +0000 2025","0","Depresi gw lihat eskalasi aksi","1961837230005367241","","","in","","0","0","0","https://x.com/undefined/status/1961837230005367241","1668444118442471424",
"1961762101900591479","Sat Aug 30 14:41:22 +0000 2025","36","@vintagesfuck Anjirr netizen benar2 ON ya obrak abrik. Semangan guys sampe Sahroni depresi trus bundir","1961801423940902955","","vintagesfuck","in","","0","0","2","https://x.com/undefined/status/1961801423940902955","1501590266234687493",
"1961798590483009657","Sat Aug 30 14:40:10 +0000 2025","0","ã…¤ Cara yang paling terbaik adalah dengan ğ˜¤ğ˜¶ğ˜¥ğ˜¥ğ˜­ğ˜¦ atau ğ˜´ğ˜¤ğ˜¦ğ˜¯ğ˜µğ˜ªğ˜¯ğ˜¨ juga bisa ğ˜®ğ˜¢ğ˜³ğ˜¬ğ˜ªğ˜¯ğ˜¨. Saya akan ingatkan sedari awal; Omega laki-laki benar-benar rapuh saat hamil. Kamu akan merasa tertekan terisolasi dan tak jarang mengalami depresi ","1961801121183543636","","mingyuby","in","","0","1","0","https://x.com/undefined/status/1961801121183543636","1320359352876761088",
"1961800809462759920","Sat Aug 30 14:38:56 +0000 2025","0","AH DEPRESI GW JD TIFOSI","1961800809462759920","","","in","","0","0","0","https://x.com/undefined/status/1961800809462759920","1343412905983655936",
"1961797367440822527","Sat Aug 30 14:37:30 +0000 2025","0","@shrimpsnugget apa ni tentang apa buat depresi gak?","1961800448752685196","","shrimpsnugget","in","","0","1","0","https://x.com/undefined/status/1961800448752685196","1111848038199246850",
"1961800182716400123","Sat Aug 30 14:36:26 +0000 2025","0","jujur capek consuming berita yg semuanya bikin depresi ini mana rl acc ig juga bikin depresif ak udahan dulu deh repost2nya mau menjaga kesehatan mental ","1961800182716400123","","","in","","0","0","0","https://x.com/undefined/status/1961800182716400123","1544264134522388480",
"1961797887920357514","Sat Aug 30 14:27:19 +0000 2025","2","pgn ngeluh depresi tp inget masih ada sahroni","1961797887920357514","","","in","","0","1","1","https://x.com/undefined/status/1961797887920357514","1122326215598071809",
"1961795572735811833","Sat Aug 30 14:18:07 +0000 2025","0","ini nih yang bikin gw depresi main tiktok sampe hapus tiktok","1961795572735811833","","","in","","0","0","0","https://x.com/undefined/status/1961795572735811833","1618542682963578881",
"1961682238321365048","Sat Aug 30 14:16:18 +0000 2025","37","@anfess_ Gimana gak belok nder. Dia tuh udah di tahap depresi berat karena merasa kalo prinsip dia tuh udah gak sebanding dengan kenyataan yang ada di lapangan. Kek ibaratnya dia mau ngelindungin banyak orang dari kutukan malah orang yang notabenenya harus dilindungi malah saling bunuh","1961795113350557964","","anfess_","in","","0","1","0","https://x.com/undefined/status/1961795113350557964","1086196224493903873",
"1961794839886106687","Sat Aug 30 14:15:12 +0000 2025","21","Bergeser sejenak ke isu lain. Masyarakat Sambas sore ini dihebohkan dengan insiden percobaan mengakhiri hidup dengan melompat dari tower. Yang bersangkutan selamat &amp; sudah dibawa ke RS terdekat diduga perantau asal Sumatera yang depresi. : Berite Sambas https://t.co/5tMULvZneN","1961794839886106687","https://pbs.twimg.com/ext_tw_video_thumb/1961794722688839680/pu/img/xMbiFG7iCyxl9rg2.jpg","","in","","1","0","2","https://x.com/undefined/status/1961794839886106687","900999973075996672",
"1961793436845322603","Sat Aug 30 14:09:38 +0000 2025","0","jujur klo udh gada kpop gw bisa depresi anjir ditambah kondisi negara begini","1961793436845322603","","","in","","0","0","0","https://x.com/undefined/status/1961793436845322603","1121441087640363008",
"1961788755507077178","Sat Aug 30 13:51:02 +0000 2025","0","knp ya org yg gatau uripnya mau ngapain tuh at least bnr2 jago satu hal gw??? kagak ad pepek knp gaada drama yg 0 motivation beneran depresi gt","1961788755507077178","","","in","","0","0","0","https://x.com/undefined/status/1961788755507077178","1424452555510140932",
"1961775225508639159","Sat Aug 30 13:47:58 +0000 2025","0","@erseee_ Sekalian aja muak gw liat muka depresi tiap minggu","1961787983998419251","","erseee_","in","","0","0","0","https://x.com/undefined/status/1961787983998419251","1167638427468099584",
"1961710777905430678","Sat Aug 30 13:44:22 +0000 2025","0","@senggolbacoxxx @bangherwin Haha oke bro Pisces ganti narasi total! Bayangin lu kayak penyihir mimpi yang gagal: kreatif banget bikin fantasi indah tapi realita? Nol besar akhirnya hidup di awan jatuh kenceng! Minus: Terlalu idealis tolak kenyataan sampe depresi sendiri. Gampang bosen ganti hobi","1961787080541081936","","senggolbacoxxx","in","","0","1","0","https://x.com/undefined/status/1961787080541081936","1720665183188922368",
"1961785643291554199","Sat Aug 30 13:38:40 +0000 2025","0"," aku merasa depresi coy","1961785643291554199","","","in","","0","0","0","https://x.com/undefined/status/1961785643291554199","709286364936667138",
"1961783641971056936","Sat Aug 30 13:30:43 +0000 2025","0","tolong semangatin aku beberes kamar kaya org depresi ini kamar","1961783641971056936","","","in","","0","0","0","https://x.com/undefined/status/1961783641971056936","1925491634550226944",
"1961665615640629607","Sat Aug 30 13:25:37 +0000 2025","0","@obat_depresi LUPA NAMANYA SIAPA","1961782360359530761","","obat_depresi","in","","0","0","0","https://x.com/undefined/status/1961782360359530761","1850211369402138624",
"1961665615640629607","Sat Aug 30 13:07:35 +0000 2025","0","@obat_depresi dia satu circle sm anak sasing 23 yg cewe pemain golf itu","1961777822940500398","","obat_depresi","in","","0","1","0","https://x.com/undefined/status/1961777822940500398","1850211369402138624",
"1961777808470159762","Sat Aug 30 13:07:33 +0000 2025","0"," dan akhirnya kamu depresi sampai masukin dildo ukuran xxxxxl ke anusmu yang melar itu dan bikin anusmu gak bisa ketutup tainya meluber-luber dan kamu mati karena gak kuat sama bau busuk dari badanmu sendiri https://t.co/duC7eLwI7w","1961777815269110167","https://pbs.twimg.com/media/GzmihutaMAAsn10.jpg","hishaku_li","in","","0","0","0","https://x.com/undefined/status/1961777815269110167","1917816890250166272",
"1961772107794358471","Sat Aug 30 12:51:50 +0000 2025","0","@saucekecape jadi ini yang bikin charles depresi","1961773858706632778","","saucekecape","in","","0","1","0","https://x.com/undefined/status/1961773858706632778","938011484449148928",
"1961771053732225306","Sat Aug 30 12:40:41 +0000 2025","0","Gosah bsk ini kita2 pd kutuk pemerentah jg masih sambil nghype fav kok biar gak depresi.","1961771053732225306","","","in","","0","0","1","https://x.com/undefined/status/1961771053732225306","1156767330925330432",
"1961718222958543171","Sat Aug 30 09:10:45 +0000 2025","0","Info buku/film/series yang Angst klo bsa karakternya ada yg mati depresi denial smart ","1961718222958543171","","","in","","0","1","0","https://x.com/undefined/status/1961718222958543171","1079370407172440064",
"1961715126270329063","Sat Aug 30 08:58:27 +0000 2025","2","Rasa kesepian yg mendalam &amp; berkepanjangan dapat menyebabkan dampak serius pada kesehatan fisik &amp; mental termasuk peningkatan risiko penyakit jantung depresi gangguan tidur melemahnya sistem imun dan bahkan mempercepat kematian dini. Maka dari itu ngopi adalah solusiku.... https://t.co/Y00gwR9oSL","1961715126270329063","https://pbs.twimg.com/media/Gzlpfoja0AAbF4K.jpg","","in","","0","0","0","https://x.com/undefined/status/1961715126270329063","1055715429644034049",
"1961713395906007145","Sat Aug 30 08:51:35 +0000 2025","0","depresi banget jadi orang Indonesia","1961713395906007145","","","in","","0","0","1","https://x.com/undefined/status/1961713395906007145","1176820272969609216",
"1961711460096311568","Sat Aug 30 08:43:53 +0000 2025","0","di curhatin tmn yg dia tuh baik dan tulus bgt ke org lain sampe bikin dia depresi krn dikecewain","1961711460096311568","","","in","","0","3","0","https://x.com/undefined/status/1961711460096311568","827084347521970178",
"1961706545022210236","Sat Aug 30 08:26:58 +0000 2025","0","@teuwlve Jangan main-main sama orang depresi.","1961707200927469775","","teuwlve","in","","0","0","0","https://x.com/undefined/status/1961707200927469775","2754745839",
"1961703527136542965","Sat Aug 30 08:12:22 +0000 2025","0","depresi berat","1961703527136542965","","","in","","0","0","0","https://x.com/undefined/status/1961703527136542965","1324130309697253377",
"1961698884025278527","Sat Aug 30 07:54:47 +0000 2025","0","BUT HOW AFTER AKTING NYA YG SANGAT DEPRESI ITU BALIK SENYUM?!","1961699101764194707","","aoyagirinn","in","","0","0","0","https://x.com/undefined/status/1961699101764194707","1427605501005635585",
"1961665615640629607","Sat Aug 30 07:52:01 +0000 2025","0","@obat_depresi dia anak sman 6 trus skrg lagi hamil anak kedua","1961698405606199722","","obat_depresi","in","","0","1","0","https://x.com/undefined/status/1961698405606199722","1850211369402138624",
"1961697427926519916","Sat Aug 30 07:48:08 +0000 2025","0","Sok iye banget kangen Sulli bayangin karier Sulli di usia 30an kaya gimana ya blablabla Eh dulu pas masih ada kenapa lu pada bully sampe depresi gue tanya?? Kultur warga lu aneh sampe sekarang gitu mulu herman â€","1961697427926519916","","","in","","0","0","0","https://x.com/undefined/status/1961697427926519916","1743995131454455808",
"1961395230521032878","Sat Aug 30 07:31:50 +0000 2025","0","@nagotejena Terima kasih DPR telah membuat banyak orang Indonesia yang awalnya produktif jadi gk produktif sangking depresi dan hopelessnya.","1961693326052327864","","nagotejena","in","","0","0","0","https://x.com/undefined/status/1961693326052327864","1424976280940802049",
"1961691475663884450","Sat Aug 30 07:24:28 +0000 2025","0","D suruh jaga org sakit pdhl ak juga sakitak aj stress dan depresi udh d tahap suka cabut2 rambut &amp; makan rambut smpai botak parah kepala ku ada yg prnh d posisi kyk ak?cara cepat numbuhin rambut malu d liat org botak d tengah kepala","1961691475663884450","","","in","","0","1","0","https://x.com/undefined/status/1961691475663884450","1786386566346362880",
"1961533405298037105","Sat Aug 30 06:59:59 +0000 2025","0","@54R4NKT4W0N hu sarang tiap minggu stress udh aslinya depresi pula","1961685313891545528","","54R4NKT4W0N","in","","0","1","0","https://x.com/undefined/status/1961685313891545528","3160753658",
"1961672804769976514","Sat Aug 30 06:42:17 +0000 2025","12","@ObatPertama Kenapa orang-orang mau jadi depresi dan orgil kayak gua dah.","1961680857087053831","","ObatPertama","in","","0","0","0","https://x.com/undefined/status/1961680857087053831","2754745839",
"1961678934422294623","Sat Aug 30 06:34:38 +0000 2025","0","akan aku lawan dunia tapi dengan anxiety depresi n panic dikit","1961678934422294623","","","in","","0","0","0","https://x.com/undefined/status/1961678934422294623","294638156",
"1961676339033018567","Sat Aug 30 06:27:08 +0000 2025","0","@cowohamil Maaf depresi.","1961677046138175861","","cowohamil","in","","0","0","0","https://x.com/undefined/status/1961677046138175861","2754745839",
"1961657493668729342","Sat Aug 30 05:50:50 +0000 2025","0","@hihanghoyong Tenang mreka g bisa tidur nyenyak jg ko pada depresi dan takut salah langkah lg","1961667910168105283","","hihanghoyong","in","","0","0","0","https://x.com/undefined/status/1961667910168105283","1722120385632858112",
"1961666738170572854","Sat Aug 30 05:46:11 +0000 2025","3","gw kaya org depresi","1961666738170572854","","","in","","0","1","0","https://x.com/undefined/status/1961666738170572854","1272340956746940416",
"1961662367617708525","Sat Aug 30 05:28:49 +0000 2025","0","mnangis melihat fanart2 tsukasa depresi nyelip di antara tl hari ini. makasih sudah mewakili perasaan saya","1961662367617708525","","","in","","0","0","0","https://x.com/undefined/status/1961662367617708525","1152263429270278144",
"1961452433487663506","Sat Aug 30 04:41:24 +0000 2025","1","@falldout bagus dah depresi mati sekalian","1961650437469122919","","falldout","in","","0","0","0","https://x.com/undefined/status/1961650437469122919","905512507",
"1961643715170054563","Sat Aug 30 04:20:45 +0000 2025","0","dulu gue sumpahin depresi dan beneran terjadi tp imbasnya kena ke kita sekeluarga (awalnya cuma gue korbannya) gue takut kalo yg ini terjadi lagi sekeluarga kena imbas lagi kayak.. lu bisa ga sih jatoh sendiri?","1961645238478348553","","hilotohiro","in","","0","1","0","https://x.com/undefined/status/1961645238478348553","1105576432695107584",
"1961389625467179117","Sat Aug 30 03:52:34 +0000 2025","0","@asgdksjs6592 Kalo mahasiswa FK modelan begini cocok dah tuh pas koas dibully sama senior sampe depresi dan gila","1961638145554092061","","asgdksjs6592","in","","0","0","0","https://x.com/undefined/status/1961638145554092061","1330236685330821121",
"1961629939981033524","Sat Aug 30 03:21:16 +0000 2025","0","GW GK SIAP LIAT PAPA DAN AYAH GW CERAI DI WL 2 TERUS LIAT TSUKASA DEPRESI SEBAB RUI KE ARCLAND AMA ASAHI VIVIDS RIBUT SATU SAMA LAIN...... DAN N25 HIDUP INDAH DI DUNIA MIMPI DOANG....","1961630272245715057","","aoyagirinn","in","","0","0","0","https://x.com/undefined/status/1961630272245715057","1427605501005635585",
"1961265103040389407","Sat Aug 30 03:00:20 +0000 2025","0","@seafoam_soul @tanyarlfes Untung aku udh cut off temenan sama anak pulici beb Bapaknya emg problematik parah mpe anaknya depresi Kirain anaknya beda ternyata namanya buah jatuh tidak jauh dr pohon agak sesuatu jg pola pikirnya walo beda dr bapaknya tapi tetep aja buat aku tetep problematik","1961625001150554434","","seafoam_soul","in","","0","1","0","https://x.com/undefined/status/1961625001150554434","775574437345099776",
"1961587305443201149","Sat Aug 30 02:45:32 +0000 2025","1","@alisyarief Sisipit sudah mulai depresi ..kemaren bukan main sombongnya ..sok tau sejarah..lo dan gw masih kecil mana mungkin tau anak 95..ngebakok lo cik.","1961621279947239733","","alisyarief","in","","0","0","0","https://x.com/undefined/status/1961621279947239733","1085000674079694848",
"1961621242152419769","Sat Aug 30 02:45:23 +0000 2025","0","Pengen boneka yaya kayanya cuma itu yg bs menyembuhkan depresi gw","1961621242152419769","","","in","","0","1","0","https://x.com/undefined/status/1961621242152419769","2280490794",
"1961616219783790789","Sat Aug 30 02:25:26 +0000 2025","0","Depresi tuh hasilnya tiga: sembuh relapse membagi (orang lain ikut depresi).","1961616219783790789","","","in","","0","0","0","https://x.com/undefined/status/1961616219783790789","1581214159928451073",
"1961449043584061594","Sat Aug 30 02:13:28 +0000 2025","1","@idagsyah @nu_online Beri kesempatan masyarakat untuk menunaikan tekanan depresi dan emosinya sampai 2 minggu kedepan. Kita masih belum orgasme.","1961613209762402677","","idagsyah","in","","0","0","0","https://x.com/undefined/status/1961613209762402677","1116023561804632066",
"1961422372155646023","Sat Aug 30 02:06:37 +0000 2025","0","@tanyakanrl untung gw depresi ga segininya","1961611484724883949","","tanyakanrl","in","","0","0","0","https://x.com/undefined/status/1961611484724883949","1154361299888771072",
"1961604755840520262","Sat Aug 30 01:54:27 +0000 2025","0","@ddablluear AHAHAHAHA KAKKK KO MIRIP. Aku maag kambuhan terus dari sma sampai sesek. Tanganku keringetan sampai kertas mau robek. Ujung-ujungnya psikiatri. Diagnosa depresi dengan somatik. Maag yang aku rasain tuh karena tekanan psikis Gapapa kakk dicoba aja siapa tau membaik","1961608424552370492","","ddablluear","in","","0","1","0","https://x.com/undefined/status/1961608424552370492","1186527896480796673",
"1961607855901217170","Sat Aug 30 01:52:12 +0000 2025","2","Nyalain twitter depresi Ga nyalain twitter gatel pengen melawan rezim","1961607855901217170","","","in","","0","0","1","https://x.com/undefined/status/1961607855901217170","1871569404040974336",
"1961593805561577973","Sat Aug 30 01:15:31 +0000 2025","2","@Just_mushlih Paragraf pertama : Presiden RI Paragraf kedua : Kecewa (tidak puas) Paragraf ketiga : Depresi (butuh ketenangan (Raja Sedang Kecewa Raja Sedang Depresi) Itu pointnya..selain tiga kata itu semua umbul umbul rangkaian kalimatÂ² baliho kampanye... #BubarkanDpr!!","1961598626477793426","","Just_mushlih","in","","0","1","0","https://x.com/undefined/status/1961598626477793426","1341359224601788418",
"1960893159312941083","Sat Aug 30 01:08:26 +0000 2025","1","@utfess Mari nder berteman sebenernya dulu kuliah disini karena sambil kerja sm emg gak punya uang lebih. Sampe akhirnya didiagnosa depresi episode wkwkwk","1961596843999310191","","utfess","in","","0","1","0","https://x.com/undefined/status/1961596843999310191","1606248471186444288",
"1961596746649457066","Sat Aug 30 01:08:03 +0000 2025","1","Iya lagi bangke udahlah gw lg depresi gw harus liat ginian","1961596746649457066","","","in","","0","1","0","https://x.com/undefined/status/1961596746649457066","2280490794",
"1961595692843176409","Sat Aug 30 01:03:52 +0000 2025","1","abis itu ngaku depresi trus nyalahin netizen..","1961595692843176409","","","in","","0","0","0","https://x.com/undefined/status/1961595692843176409","3230307828",
"1961591505929605361","Sat Aug 30 00:47:14 +0000 2025","0","depresi gua kumat langsung kalo ngeliat komen tiktok anjir","1961591505929605361","","","in","","0","0","0","https://x.com/undefined/status/1961591505929605361","1347162061768327168",
"1961589075598794966","Sat Aug 30 00:37:34 +0000 2025","0","Ajg bangun2 depresi gw","1961589075598794966","","","in","","0","1","0","https://x.com/undefined/status/1961589075598794966","760446569359544321",
"1961578452689326494","Sat Aug 30 00:22:27 +0000 2025","4","MV Mile : Without Me Itu MV di shoot waktu Mansuang tour (cmiiw) ada Bas Tong Apo. Tapi Apo ngga ada di MV. Mile di MV itu ceritanya lagi depresi habis putus. Ada satu media yg nulis klo MV itu emang dibikin sesuai perspektif Mile yg gabisa move on dari mantannya (lakiÂ²).","1961585269188313372","","apoarmpit","in","","0","1","0","https://x.com/undefined/status/1961585269188313372","1527097458940968974",
"1961576006164386033","Fri Aug 29 23:45:38 +0000 2025","0","Jujur lama-lama depresi lihat keadaan negara sendiri ","1961576006164386033","","","in","","0","0","0","https://x.com/undefined/status/1961576006164386033","1880942974240260096",
"1961368688784969790","Fri Aug 29 22:48:36 +0000 2025","5","@senjatanuklir tuh kan apa kata gw normalisasi bully anak istri dan sekeluarganya pejabat. soalnya mereka kaga sok polos tp emang gatau diri aja. ayoo rakyat bikin hidup mereka ga tenang syukron2 mentalnya kena depresi trus stress ama gila","1961561649862905955","","senjatanuklir","in","","0","0","0","https://x.com/undefined/status/1961561649862905955","1512790187449135106",
"1961560365105664347","Fri Aug 29 22:46:14 +0000 2025","0","Tbh aku sendiri baca NW pertama kali di umur 16 gak ngerti sama sekali ini ceritanya apaan lalu baca lagi di umur 21 dan akhirnya ngerti (plus kebawa depresi).","1961561054326263929","","sakupinkpang","in","","0","0","0","https://x.com/undefined/status/1961561054326263929","1896087637905272832",
"1961546811413598622","Fri Aug 29 22:00:32 +0000 2025","0","@WariaBee123 Bisa depresi sih kalo ampe kejadian mah","1961549555100782603","","WariaBee123","in","","0","0","0","https://x.com/undefined/status/1961549555100782603","1828886699579191296",
"1961033960626282984","Fri Aug 29 21:48:38 +0000 2025","0","@ittekimazu Anw aku pernah depresi juga gara2 kuliah dulu sempet gamau kuliah lagi tp sekarang diberaniin smg kita bisa bertahan dan lulus bareng2 nanti ya","1961546559906353363","","citruzlime","in","","0","1","0","https://x.com/undefined/status/1961546559906353363","1951174832000991232",
"1961534036666716607","Fri Aug 29 21:00:21 +0000 2025","0","bahkan saat aku bangun kesiangan karena aku gak bisa mengendalikan otakku apalagi pas depresi aku gak dimarahi karena melewati wajtu doa. kadang aku takut menjadi contoh buruk bagi orang lain. meski sakit aku berusaha setidaknya tampak rajin. tapi gejalanya parah.","1961534409800405015","","royyana1304971","in","","1","1","0","https://x.com/undefined/status/1961534409800405015","1329190524897558530",
"1961532124269556000","Fri Aug 29 20:51:16 +0000 2025","0","gmn cara ngehandle depresi","1961532124269556000","","","in","","0","0","0","https://x.com/undefined/status/1961532124269556000","1425881170181431301",
"1961440449350041896","Fri Aug 29 20:11:51 +0000 2025","0","@Hannandsyfr @carrabely iyain aja dok kayanya lg depresi dia kangen sm mantan htsnya ga kesampean @carrabely","1961522204602208613","","Hannandsyfr","in","","0","0","0","https://x.com/undefined/status/1961522204602208613","244804503",
"1961515187351294108","Fri Aug 29 19:43:58 +0000 2025","1","Berjuang melawan amarah anxiety dan depresi tapi terlahir jadi WNI Percuma","1961515187351294108","","","in","","0","0","0","https://x.com/undefined/status/1961515187351294108","1900607696166088704",
"1961514539658396058","Fri Aug 29 19:41:24 +0000 2025","3","Bikin depresi aja. Ayo dong DPR gaji kalian mending buat perbaikan server aplikasi dapodik. ","1961514539658396058","","","in","","0","1","5","https://x.com/undefined/status/1961514539658396058","366424786",
"1961513940388913388","Fri Aug 29 19:39:01 +0000 2025","0","kayanya ak dah mulai depresi stress introvert sekaligus gilaaaa","1961513940388913388","","","in","","0","0","0","https://x.com/undefined/status/1961513940388913388","1119153586217213952",
"1961512497799938067","Fri Aug 29 19:33:17 +0000 2025","0","Anying lu pemrentah aku dah sebulan sehat wal afiat sekarang keknya mau episode depresi lagi","1961512497799938067","","","in","","0","0","0","https://x.com/undefined/status/1961512497799938067","1249252096903274504",
"1961320770946453529","Fri Aug 29 19:24:01 +0000 2025","0","@prabowo Bapak merasa puas sama kinerja Mentri bapak? Tapi pernah gak bapak tanya kami puas gak? Jangankan puas pak mikir besok beli beras duit darimana aja udah depresi duluan.Lah kalian malah sibuk membandingkan harga beras di jepang sama Konoha ini.Sebelum membandingkan minimal ngaca.","1961510167931154488","","everlastrain_","in","","0","0","0","https://x.com/undefined/status/1961510167931154488","1891021977655382016",
"1961465590427914303","Fri Aug 29 19:23:45 +0000 2025","45","@GoodRecom Buangsaat cantik jga kagak Gak enak di pandang .. Keliatan dari ruanganya keknya bukan orkay ke lebih ke ---- Gmpang bnget minta maaf minimal hijaukan dulu lah bikin trauma apalagi depresi.. Yg tau akun sosmed nya boleh lah pngen mampir sbntar..","1961510100746768737","","GoodRecom","in","","0","2","1","https://x.com/undefined/status/1961510100746768737","756366941770637312",
"1961389625467179117","Fri Aug 29 19:04:35 +0000 2025","0","@asgdksjs6592 Anak-anak kaya gini mah layak dibully di lingkungan kampus sampe depresi","1961505275690828166","","asgdksjs6592","in","","0","0","0","https://x.com/undefined/status/1961505275690828166","231320577",
"1961493277703905625","Fri Aug 29 18:51:46 +0000 2025","0","@keyuhengs Trus ini sx cerita di pige5 yuan kan sempet depresi pas grupnya bubar jd dia tidur di sofa ga mau di kasur ada kemungkinan pegat jg di situ krn sx spill ngecintai seseorang tp dia (yuan) yg ngilang tp gatau sm mei atau sm yg lain.","1961502050585645367","","keyuhengs","in","","0","1","0","https://x.com/undefined/status/1961502050585645367","1043547407487627265",
"1961495404606107935","Fri Aug 29 18:25:21 +0000 2025","0","depresi saya tidak bisa tidur","1961495404606107935","","","in","","0","0","0","https://x.com/undefined/status/1961495404606107935","1468211335389278210",
"1961492555461439681","Fri Aug 29 18:14:02 +0000 2025","0","liat vid ini rasanya kudu nyalain semua lampunya terus besok manggil tukang buat ngecat warna putih setidaknya di beberapa sudut. alias gatel bgt bang kayak rumah orang depresi di film-film ","1961492555461439681","","","in","","0","0","0","https://x.com/undefined/status/1961492555461439681","78823770",
"1961491451965313195","Fri Aug 29 18:09:39 +0000 2025","0","Aku yang salah. Salah berbicara kepada orang yang normal. Salah bicara kepada orang yang tidak bisa memahami kondisi orang depresi. Dan Aku tidak memaksa orang untuk memahami keadaanku. Sekalipun Anda pergi saya tetep mendoakan yang terbaik buat hidup Anda. Krn saya hanya beban.","1961491451965313195","","","in","","0","0","0","https://x.com/undefined/status/1961491451965313195","1880311865668169734",
"1961490323538153914","Fri Aug 29 18:05:10 +0000 2025","0","ya allah masnya ampe suaranya depresi bgt teriaknya..","1961490323538153914","","","in","","0","0","0","https://x.com/undefined/status/1961490323538153914","84550804",
"1961483730620711322","Fri Aug 29 17:38:58 +0000 2025","0","Stress sama depresi emg beda tipis","1961483730620711322","","","in","","0","0","0","https://x.com/undefined/status/1961483730620711322","1428989869741645827",
"1961411832520085628","Fri Aug 29 17:32:31 +0000 2025","6","@mandgyuu Normalisasi bullying mereka sampe depresi atau gila","1961482106544222231","","mandgyuu","in","","0","0","0","https://x.com/undefined/status/1961482106544222231","1330236685330821121",
"1961479511041872025","Fri Aug 29 17:22:12 +0000 2025","1","DUKUNG BGTT! NGERUSAKIN MENTAL ANAKNYA SAMPE DEPRESI BIAR SEKELUARGA JADI SENGSARA DAN MATI! GA IKHLAS LIAT LU SEMUA HIDUP SEJAHTERA BGST","1961479511041872025","","","in","","0","0","0","https://x.com/undefined/status/1961479511041872025","1375858050779607044",
"1961478755421176246","Fri Aug 29 17:19:12 +0000 2025","0","Gausah nonton anime nder liat negara ini sekarang juga udah bikin depresi.","1961478755421176246","","","in","","0","0","0","https://x.com/undefined/status/1961478755421176246","2612222761",
"1961473997004218387","Fri Aug 29 17:00:17 +0000 2025","0","Seorang remaja berinisial S diduga depresi dikarenakan login sibuatan berjam-jam tapi gak summit summit.","1961473997004218387","","","in","","0","1","0","https://x.com/undefined/status/1961473997004218387","1900946799566925824",
"1961473895007220172","Fri Aug 29 16:59:53 +0000 2025","0","Depresi berat pengen ke psikolog","1961473895007220172","","","in","","0","0","0","https://x.com/undefined/status/1961473895007220172","1531979145156038656",
"1961441117251277210","Fri Aug 29 16:33:42 +0000 2025","0","@senjatanuklir luluh lantak lintang pukang bangsa ini sedang mengalami depresi komunal...","1961467303922671691","","senjatanuklir","in","","0","0","0","https://x.com/undefined/status/1961467303922671691","56305818",
"1961460577802621194","Fri Aug 29 16:11:37 +0000 2025","0","Njay kurang apa nih? Coba darimana modal duit untuk melakukan semua itu? Bener2 gada mukanya samsek. Demo lebih rajin daripada kunjungan rakyat. Si oke gas hrusnya insecure smpe depresi sih Minimal sadar diri kalau emg ga becus Gada skill problem solving samsek","1961461748508364865","","Another10_01","in","","0","0","0","https://x.com/undefined/status/1961461748508364865","1332507327979655169",
"1961461719760564346","Fri Aug 29 16:11:30 +0000 2025","0","si bilkis depresi bat jir kasian","1961461719760564346","","","in","","0","1","0","https://x.com/undefined/status/1961461719760564346","1953799779613650944",
"1961409492262031613","Fri Aug 29 16:06:31 +0000 2025","0","Ke kr. Sempet ke psikiater depresi. Tibang gue mention kata stress aja gue dibilang sm mak gue Jgn begitu bapak gasuka &amp; sedih tolong ngertiin YANG TERLUKA SIAPAA SEBENERNYAA GOBLOKKKKKK","1961460464451551309","","okawakochi","in","","0","1","0","https://x.com/undefined/status/1961460464451551309","1726976419421712384",
"1961438879749476764","Fri Aug 29 16:00:45 +0000 2025","1","@MariaTo47844586 Benar seperti dalam 1 Korintus 13:13 iman pengharapan dan kasih adalah yang terutama dan abadi. Mereka bisa jadi pondasi penyembuhan holistik untuk tubuh jiwa dan roh. Bagaimana pengalamanmu menerapkan ini dalam menghadapi depresi? ï¸","1961459012744183895","","MariaTo47844586","in","","0","1","0","https://x.com/undefined/status/1961459012744183895","1720665183188922368",
"1961438879749476764","Fri Aug 29 15:58:36 +0000 2025","1","@MariaTo47844586 Ya depresi sering kali mencerminkan rasa takut dan cemas terhadap hidup seperti kekhawatiran akan masa depan atau kegagalan. Namun itu juga melibatkan faktor biologis psikologis dan lingkungan. Dalam Alkitab seperti Filipi 4:6-7 kita diajak jangan kuatir tapi bawa","1961458471695782000","","MariaTo47844586","in","","0","1","0","https://x.com/undefined/status/1961458471695782000","1720665183188922368",
"1961438879749476764","Fri Aug 29 15:51:56 +0000 2025","1","@MariaTo47844586 Tentunya! Ayat lain yang memberi semangat: Filipi 4:13 Segala perkara dapat kutanggung di dalam Dia yang memberi kekuatan kepadaku. Ingat TUHAN memberi kekuatan untuk menghadapi depresi; carilah dukungan dan iman. Apa ayat favoritmu untuk topik ini? ï¸","1961456794804654091","","MariaTo47844586","in","","0","1","0","https://x.com/undefined/status/1961456794804654091","1720665183188922368",
"1961453150147350689","Fri Aug 29 15:37:27 +0000 2025","0","tolol ah males semoga lu semua yang nabrak depresi anxiety dll ampe bundir mampus","1961453150147350689","","","in","","0","0","0","https://x.com/undefined/status/1961453150147350689","1810963651412860929",
"1961451502335111640","Fri Aug 29 15:31:52 +0000 2025","0","@dekavegrl Berdasarkan analisis 50+ postingan terbaru kamu tema utama: konsistensi belajar/proyek () minat desain (Adobe Illustrator) olahraga (renang bola) hiburan (K-drama K-pop kucing) kritik sosial (politik kapitalisme desain buruk) dan curhatan pribadi (keluarga depresi","1961451743428096364","","dekavegrl","in","","0","0","0","https://x.com/undefined/status/1961451743428096364","1720665183188922368",
"1961441248985612434","Fri Aug 29 15:31:39 +0000 2025","0","@tanyakanrl depresi kak? mengganggu hari hari ngga? jgn lupa minum biasanya klo depresi lupa minum","1961451689447493714","","tanyakanrl","in","","0","0","0","https://x.com/undefined/status/1961451689447493714","1879479018778738688",
"1961451263801053428","Fri Aug 29 15:31:28 +0000 2025","0","berapa juta ya kira-kira anjing (DEPRESI)","1961451641577902577","","avenyanrine","in","","0","0","0","https://x.com/undefined/status/1961451641577902577","1673277293811372032",
"1961451263801053428","Fri Aug 29 15:29:57 +0000 2025","0","Iye tapi hp gue mana ada pasti note ke atas anying. smasnug mah isinya note ke atas yak. (depresi)","1961451263801053428","","","in","","0","1","0","https://x.com/undefined/status/1961451263801053428","1673277293811372032",
"1961450624186507347","Fri Aug 29 15:27:25 +0000 2025","0","gua beneran depresi anjing","1961450624186507347","","","in","","0","0","0","https://x.com/undefined/status/1961450624186507347","1939351280964788224",
"1961448256720048516","Fri Aug 29 15:18:01 +0000 2025","0","dulu waktu gua belum naro duit di saham kalo ada demo tuh kesel dan marah aja bawaan nya sekarang pas udah main saham jadi kesel marah dan pusing bawaan nya depresi liat angka merah","1961448256720048516","","","in","","0","0","0","https://x.com/undefined/status/1961448256720048516","1751270617628942336",
"1961447533995344013","Fri Aug 29 15:15:08 +0000 2025","1","Kayaknya bener penyebab depresi sebagian anak muda Indonesia itu ya karena tinggal di masa pemerintahan yang busuk gini. Sumpah stressful hari-hari liat berita","1961447533995344013","","","in","","0","0","0","https://x.com/undefined/status/1961447533995344013","1268778683633815552",
"1961444993144401939","Fri Aug 29 15:12:49 +0000 2025","0","@baseconvo karena depresi","1961446952195035234","","baseconvo","in","","0","0","0","https://x.com/undefined/status/1961446952195035234","789559403208962056",
"1961446016231649332","Fri Aug 29 15:09:06 +0000 2025","0","+62 pada depresi boleh +82 pressin' gak nih?","1961446016231649332","","","in","","0","0","0","https://x.com/undefined/status/1961446016231649332","1508628163072774151",
"1961398578909520329","Fri Aug 29 12:00:36 +0000 2025","14","#phaidei kinda chat fic edisi depresi karena sebuah isu. https://t.co/JCB4S4HyWg","1961398578909520329","https://pbs.twimg.com/media/GzhJm02aYAAR7Ln.jpg","","in","","0","0","2","https://x.com/undefined/status/1961398578909520329","1931311939466264576",
"1961396471011619325","Fri Aug 29 11:52:14 +0000 2025","0","Kalo diluar negri ni ya minimal mengundurkan diri dr jabatan lah ya kok bisa punya muka setebel itu? Nggak ngerasa bersalah or depresi lah seenggaknya? Oh iya lupa kan udh ketutup duit","1961396471011619325","","","in","","0","0","0","https://x.com/undefined/status/1961396471011619325","1290949656441044993",
"1961395028657373312","Fri Aug 29 11:46:30 +0000 2025","0","Depresi sialan.","1961395028657373312","","","in","","0","0","0","https://x.com/undefined/status/1961395028657373312","1447781499751723008",
"1961051935861264518","Fri Aug 29 11:44:24 +0000 2025","0","@imwinteringg kalo hubungan kalian gk virtual mungkin bisa dicounter dengan cara sering ketemu. tapi kalo virtual bakal susah kemungkinan lu yang bakal depresi dibuat merasa bersalah dibuat selalu bertanya-tanya letak kekurangan lu dimana padahal lu selalu menawarkan rumah untuk pulang.","1961394502226280588","","imwinteringg","in","","0","0","0","https://x.com/undefined/status/1961394502226280588","1841540889753391104",
"1961375092551872695","Fri Aug 29 11:33:49 +0000 2025","0","@octkwanie16 terus diolok2 satu dunia sampai depresi dan ga ada yg dipihak dia. biar tau mulutmu harimaumu. tau diri kekuasaan yang dia pegang bukan buat dia mengolok2 orang2 yang ngebuat dia ada disitu","1961391838117728655","","octkwanie16","in","","0","1","0","https://x.com/undefined/status/1961391838117728655","1891370600817651712",
"1961391352849338608","Fri Aug 29 11:31:54 +0000 2025","0","Berita indonesia saat ini memang membuat depresi dan stres tapi lebih stres yang ikut turut serta langsung di jalanan mengikuti demo yang berlangsung. At least harus menyuarakan dan tahu bahwa keadaan ini benar2 terdesak dan tidak baik2 saja pls don t be ignorant","1961391352849338608","","","in","","0","1","0","https://x.com/undefined/status/1961391352849338608","179014951",
"1961390885922361688","Fri Aug 29 11:30:02 +0000 2025","6","Holy shoo udah depresi ditinggal sendirian dirumah pula","1961390885922361688","","","in","","0","0","0","https://x.com/undefined/status/1961390885922361688","1889642321253376002",
"1961387423428219337","Fri Aug 29 11:26:12 +0000 2025","0","@karinskena ya allah jadi keinget notes dokter punya orang depresi karena kondisi indonesia ","1961389920683266478","","karinskena","in","","0","0","0","https://x.com/undefined/status/1961389920683266478","1862543077585584128",
"1961380178153628127","Fri Aug 29 11:14:42 +0000 2025","0","@pekerjalab Selamat datang di depresi kebangsaan","1961387024604434461","","pekerjalab","in","","0","0","0","https://x.com/undefined/status/1961387024604434461","481293166",
"1961380066937770255","Fri Aug 29 10:47:03 +0000 2025","1","please english gua beneran jelek banget ANDJFJFNFSJEKAMAKAKA lagi les baca article depresi sendiri ngerti sih ngerti tapi kek kek ga nanggep???? sumpah sejelek itu takut nanti ielts dibawah 6 amit amit ya Tuhan aku merasa sejelek itu padahal udah C1","1961380066937770255","","","in","","0","2","0","https://x.com/undefined/status/1961380066937770255","1939351280964788224",
"1961378758251647073","Fri Aug 29 10:41:51 +0000 2025","0","Chaos banget dunia pusing gua nambah depresi lama lama","1961378758251647073","","","in","","0","0","0","https://x.com/undefined/status/1961378758251647073","1281512574224220160",
"1961377029393400087","Fri Aug 29 10:38:12 +0000 2025","0","@D12JUZA Itu gue lagi depresi bgsttt bukan lagi memplotting nangkep KILLUA.","1961377841960161331","","D12JUZA","in","","0","1","0","https://x.com/undefined/status/1961377841960161331","1944777180334141440",
"1961115043820355788","Fri Aug 29 10:32:49 +0000 2025","0","@vuioolet emang vokalisnya depresi berat sampe bundir","1961376487422181738","","vuioolet","in","","0","1","0","https://x.com/undefined/status/1961376487422181738","1423711233694334978",
"1961375298730987674","Fri Aug 29 10:29:25 +0000 2025","0","mana gue kan pernah tutor sm blio juga dan blio keliatan ga ngejudge gue walaupun gue keliatan begonya emg pas tutor itu tuh gue lagi depresi aja mungkin blio ngeliat ada yg gaberes dgn gue jd ga nge judge dan cuma bilang bahwa gue perlu belajar krn blio yakin gue bisa kl bljr","1961375630727004592","","atefkaui","in","","0","1","0","https://x.com/undefined/status/1961375630727004592","1889499937743990785",
"1961333835666256175","Fri Aug 29 10:17:54 +0000 2025","0","@sanghyeonT__T i canttt biu aku depresi berat donggyu di jurang :(","1961372730114097659","","7sanghyeon","in","","0","1","0","https://x.com/undefined/status/1961372730114097659","1794011911560007681",
"1961371541243056459","Fri Aug 29 10:13:10 +0000 2025","0","Depresi sih iya tp lebih depresi lagi tinggal di indo","1961371541243056459","","","in","","0","0","0","https://x.com/undefined/status/1961371541243056459","1660696250730283009",
"1961367875257872728","Fri Aug 29 10:12:57 +0000 2025","0","@skuzxgxy ya krn udh kelar gw depresi coo gw kaga mao kuliah","1961371485890908228","","skuzxgxy","in","","0","1","0","https://x.com/undefined/status/1961371485890908228","1706684037983768576",
"1961370242690724256","Fri Aug 29 10:08:01 +0000 2025","0","Pantes gua kena depresi soalnya gue WNI haha babi.","1961370242690724256","","","in","","0","0","0","https://x.com/undefined/status/1961370242690724256","1500929001313153025",
"1961369485111431646","Fri Aug 29 10:05:00 +0000 2025","26","Seorang penumpang KA Probowangi 297 rute Surabaya Gubeng - Ketapang (29 Agt) loncat dari kereta saat sedang melaju. Penumpang ditemukan selamat dan jatuh dibawah jembatan kereta di petak lintas antara Stasiun Garahan - Mrawan https://t.co/WTK4xbfVXJ M4","1961369485111431646","","","in","","0","1","7","https://x.com/undefined/status/1961369485111431646","1526027456062562304",
"1961365504704041361","Fri Aug 29 09:49:11 +0000 2025","0","Guys I'm so sorry I'm not strong enough I promise I'm always on your side but I just can't see this anymore Gw dari kemarin sore depresi ada feeling buruk malamnya baca berita di Twt dan sampai detik ini belum tidur sama sekali karena kepikiran terus They took someone's life.","1961365504704041361","","","in","","0","1","0","https://x.com/undefined/status/1961365504704041361","1388384115901100036",
"1961329743325691956","Fri Aug 29 07:27:05 +0000 2025","0","temen temen ayo ikutanï¸ï¸ï¸ depresi berat sepertinya klo ga survive aku close akun ","1961329743325691956","","","in","","0","0","0","https://x.com/undefined/status/1961329743325691956","1363366654189522945",
"1961329415066886255","Fri Aug 29 07:25:46 +0000 2025","0","TENMA TSUKASA PASTI DEPRESI KARENA DPR BELOM BUBAR BUBAR https://t.co/in1pmWdz2Y","1961329415066886255","https://pbs.twimg.com/media/GzgKtYMbkAM5X3V.jpg","","in","","0","0","0","https://x.com/undefined/status/1961329415066886255","1393519317690425344",
"1961328630266478828","Fri Aug 29 07:22:39 +0000 2025","0","depresi banget anjing","1961328630266478828","","","in","","0","0","0","https://x.com/undefined/status/1961328630266478828","1890405789854232577",
"1961326778720686538","Fri Aug 29 07:15:18 +0000 2025","0","EH DONGYU MAKSUD GUA NGETWEET PENGEN BAWA LU PULANG KERUMAH GUA ITU BUKAN KEELIM ANJGGG AYOO GYU BISA AYO YAALLAH GES W DEPRESI BERAT","1961326778720686538","","","in","","0","0","0","https://x.com/undefined/status/1961326778720686538","1454667806037798919",
"1961322825379451021","Fri Aug 29 07:12:12 +0000 2025","0","@halowoojin cari ayo coba cari udah depresi bgt ini milihnya ","1961326000970559494","","halowoojin","in","","0","1","0","https://x.com/undefined/status/1961326000970559494","1951326298653204481",
"1961325408344842314","Fri Aug 29 07:09:51 +0000 2025","0","aku depresi bgtt huhuh","1961325408344842314","","","in","","0","1","0","https://x.com/undefined/status/1961325408344842314","1363366654189522945",
"1961322526103245240","Fri Aug 29 06:59:22 +0000 2025","0","OSHI SEBELAH BARU MAU RILIS ILLUST BOCIL OSHI SINI KNP DEPRESI BEGINI ","1961322767862890502","","hiyworii","in","","0","1","0","https://x.com/undefined/status/1961322767862890502","1655867584959635456",
"1961319454731567515","Fri Aug 29 06:48:24 +0000 2025","0","Tapi... dulu pernah ada aktor thai yang meranin orang depresi dan pernah sampe lagi ngendarain mobil terus tiba2 nangis. Saking terbawa sama perannya... ","1961320010598519163","","aoi_7moon","in","","0","0","0","https://x.com/undefined/status/1961320010598519163","1652861202",
"1961319024932925529","Fri Aug 29 06:44:29 +0000 2025","0","gapernah gagal bikin depresi anj","1961319024932925529","","","in","","0","0","0","https://x.com/undefined/status/1961319024932925529","1780240564077871105",
"1961318173896032335","Fri Aug 29 06:42:59 +0000 2025","5","@b2planet_fess DONGYU NDER YAALLAH SEDIH BGT GUA DEPRESI","1961318645981909115","","b2planet_fess","in","","0","0","0","https://x.com/undefined/status/1961318645981909115","1454667806037798919",
"1961269469336269047","Fri Aug 29 06:35:01 +0000 2025","4","@g0jewakanaa @IndoPopBase Mereka kalo punya otak harusnya malu sampe merasa bersalah sampe minimal depresi sih anjing jahat banget.","1961316641481937312","","g0jewakanaa","in","","0","0","0","https://x.com/undefined/status/1961316641481937312","1271059833957920776",
"1961314882625966271","Fri Aug 29 06:28:21 +0000 2025","0","DIA CUMA DAPAT AKTING BAGIAN DEPRESI KAN?!!!! YA KAN???","1961314962170581292","","aoyagirinn","in","","0","0","0","https://x.com/undefined/status/1961314962170581292","1427605501005635585",
"1961314632372817965","Fri Aug 29 06:27:02 +0000 2025","1","kayanya aku harus ke psikolog deh bener2 depresi bangettttt jgn sampe bundir deh plis","1961314632372817965","","","in","","0","1","0","https://x.com/undefined/status/1961314632372817965","1010040206697775105",
"1961308055951610287","Fri Aug 29 06:26:58 +0000 2025","0","@chenbowtter GUA JG KEJER NGETIK INI gmn kata kartunya TERLALU DEPRESI GUA","1961314615683629250","","chenbowtter","in","","0","1","0","https://x.com/undefined/status/1961314615683629250","3160753658",
"1961314496942911801","Fri Aug 29 06:26:30 +0000 2025","0","JADI WNI DEPRESI https://t.co/SQT5EB5ozO","1961314496942911801","https://pbs.twimg.com/media/Gzf9JCBbkAACIlm.jpg","","in","","0","0","0","https://x.com/undefined/status/1961314496942911801","1807594567946182656",
"1961222307151843744","Fri Aug 29 06:03:13 +0000 2025","0","@annastayaputry itu lagi depresi stress kak makanya bisa ngomong gitu","1961308640763342877","","annastayaputry","in","","0","0","0","https://x.com/undefined/status/1961308640763342877","1468596913213968385",
"1961307971264385454","Fri Aug 29 06:01:10 +0000 2025","0","depresi : kesiksa di dunia bundir : kesiksa di akhirat buar kesiksa dunia akhirat","1961308124809470080","","keonhounesa","in","","0","0","0","https://x.com/undefined/status/1961308124809470080","1810963651412860929",
"1961307971264385454","Fri Aug 29 06:00:34 +0000 2025","0","semoga semua orang yang dzalim di pemerintaham sama kepolisian depresi ampe bundir aamiin","1961307971264385454","","","in","","0","1","0","https://x.com/undefined/status/1961307971264385454","1810963651412860929",
"1961306403626521034","Fri Aug 29 05:54:20 +0000 2025","0","sialnya gw juga percaya dia lagi sedih dan depresi waktu post foto itu di IG dasar org manipulatif","1961306403626521034","","","in","","0","0","0","https://x.com/undefined/status/1961306403626521034","1161625259239362561",
"1961305619467776005","Fri Aug 29 05:52:35 +0000 2025","0","aku butuh bahan depresi pengalihan depresi skripsi anyway so","1961305964839408085","","loopingentropy","in","","0","0","0","https://x.com/undefined/status/1961305964839408085","1411826758924398595",
"1961269976792514894","Fri Aug 29 03:29:35 +0000 2025","1","Affan semoga tenang disana ditempatkan di syurganya Allah Udah ga sakit lagi ya.. Jangan maafin mereka yg udh bikin kamu meregang nyawa Semoga yg nabrak kamu depresi sampe rasanya mau mati aja atau siksa dia selama hidup","1961269976792514894","","","in","","0","0","0","https://x.com/undefined/status/1961269976792514894","1370214016967188480",
"1961268881219358881","Fri Aug 29 03:25:14 +0000 2025","0","Ga ngembaliin nyawa bapak ojol nya semoga yg nabrak dan orang yg se dalam tuh mobil baja hidup nya depresi ampe dia mati","1961268881219358881","","","in","","0","0","0","https://x.com/undefined/status/1961268881219358881","1262922762848354304",
"1961249645868585404","Fri Aug 29 03:21:04 +0000 2025","0","@Hiperfiksatif Biasa nya kalo di ceritaÂ² bikin orang depresi adalah bikin orang tersayang nha hilang berarti...... YK laaaa","1961267834161623184","","Hiperfiksatif","in","","0","0","0","https://x.com/undefined/status/1961267834161623184","1533766852723167233",
"1961267322246889809","Fri Aug 29 03:19:02 +0000 2025","0","buka toktok malah makin depresi lewat fyp ttg apa yg terjadi sm ditambah ada rumor sesar lembang lah apalah sksksk","1961267322246889809","","","in","","0","0","0","https://x.com/undefined/status/1961267322246889809","1373958139226157059",
"1961265069821759781","Fri Aug 29 03:10:05 +0000 2025","1","Pull Boothill krn animasi lidahnya .__. Argenti krn indah banget jadi orang Danil krn terlanjur punya LC-nya Jiaoqiu Sunday Anaxa krn depresi Aven krn personality kayak gw ","1961265069821759781","","","in","","0","0","0","https://x.com/undefined/status/1961265069821759781","130812366",
"1961013227275661613","Fri Aug 29 02:59:19 +0000 2025","0","@IDGoonerscom orang depresi mah gausah ditanggepin gunn","1961262359428960672","","IDGoonerscom","in","","0","0","0","https://x.com/undefined/status/1961262359428960672","1213673924107501568",
"1961260248393765022","Fri Aug 29 02:50:56 +0000 2025","4","Aku di depan ruang prodi depresi berattt setelah menerima revisi part 999+ ituuuu https://t.co/CPhq4j2vWJ","1961260248393765022","https://pbs.twimg.com/ext_tw_video_thumb/1961128806917287936/pu/img/8zo6bylAr2vadFrV.jpg","","in","","0","2","1","https://x.com/undefined/status/1961260248393765022","1377226632264486915",
"1961219829521600681","Fri Aug 29 02:42:28 +0000 2025","0","@anfess_ evangelion tp tinggal dinegara ini aja bikin depresi","1961258118031315017","","anfess_","in","","0","0","0","https://x.com/undefined/status/1961258118031315017","1830229623743053824",
"1961249645868585404","Fri Aug 29 02:41:46 +0000 2025","0","@Hororuya Pilih masuk ke foto yang paling lawas bikin blio depresi dan menyerah jadi capres. Sebuah taktik. ","1961257940469612632","","Hororuya","in","","0","1","0","https://x.com/undefined/status/1961257940469612632","1813964053821501441",
"1961257473337446686","Fri Aug 29 02:39:54 +0000 2025","0","Semoga polisi yg bunuh orang minimal kena depresi seumur hidup","1961257473337446686","","","in","","0","0","0","https://x.com/undefined/status/1961257473337446686","1680625208057798657",
"1961256204220719550","Fri Aug 29 02:34:52 +0000 2025","0","Jadi keinget dulu ada berita orang tak kuat depresi karena memikirkan pemerintahan.","1961256204220719550","","","in","","0","0","0","https://x.com/undefined/status/1961256204220719550","1915348389417672707",
"1961251351931097136","Fri Aug 29 02:15:35 +0000 2025","0","Spurs udah depresi incarannya pada ditikung. 60 juta angkut aja akhirnya. Di sisi lain Chelsea masih bertahan di 40 juta makane ga segera 'here we go'.","1961251351931097136","","","in","","0","0","0","https://x.com/undefined/status/1961251351931097136","459117827",
"1961250453519515876","Fri Aug 29 02:12:01 +0000 2025","1","7 Tanda Depresi Selama Kehamilan yang Perlu Diwaspadai Demi Kesehatan Fisik dan Mental Ibu https://t.co/kCcH25sCAE","1961250453519515876","","","in","","0","0","0","https://x.com/undefined/status/1961250453519515876","2392460208",
"1961250049125748886","Fri Aug 29 02:10:24 +0000 2025","0","gausah anime yg bikin depresi lah elu jadi WNI aja udah dibikin depresi mulu ajg","1961250049125748886","","","in","","0","0","0","https://x.com/undefined/status/1961250049125748886","1551579334019727360",
"1961079057056997816","Fri Aug 29 01:49:25 +0000 2025","0","@pink_to4 kali aja tobat. trus karna depresi masih dihantui perasaan bersalah jadi bundir(?)","1961244767582392373","","pink_to4","in","","0","0","0","https://x.com/undefined/status/1961244767582392373","1143504825692200962",
"1961239195567198357","Fri Aug 29 01:27:16 +0000 2025","0","ya Tuhan kenapa aku WNI? DEPRESI BGT GUAAA","1961239195567198357","","","in","","0","0","0","https://x.com/undefined/status/1961239195567198357","1315330026682736641",
"1961219829521600681","Fri Aug 29 01:24:03 +0000 2025","0","@anfess_ depresi gimana nih. kesepian apa eksistensial","1961238384749547852","","anfess_","in","","0","0","0","https://x.com/undefined/status/1961238384749547852","938011484449148928",
"1961105484448223321","Fri Aug 29 01:21:07 +0000 2025","0","@Jateng_Twit seorang petugas damkar di korea gak kuat hidup depresi akhirnya meninggal karena waktu itu menangani kejadian di itaewon yang desek desekan di indonesia masih bisa hidup tenang masih bisa berkeluarga masih bisa dapat jabatan setelah bunuh rakyatnya","1961237646526878080","","Jateng_Twit","in","","0","0","0","https://x.com/undefined/status/1961237646526878080","1752828247992418304",
"1961219829521600681","Fri Aug 29 01:05:30 +0000 2025","0","@anfess_ Kalo mau depresi sih nonton grave of the fireflies atau perfect blue kalo mau kena mental wkwk","1961233717105660061","","anfess_","in","","0","0","0","https://x.com/undefined/status/1961233717105660061","1880617326850232320",
"1961229992215638309","Fri Aug 29 00:50:42 +0000 2025","2","semakin lama semakin depresi hidup jadi wni","1961229992215638309","","","in","","0","1","0","https://x.com/undefined/status/1961229992215638309","718837145864167424",
"1961144431513588155","Thu Aug 28 19:10:43 +0000 2025","6","Jaga otak. Otak melorot cairan otak bisa bocor itu bisa terjadi karena benturan. Ini fakta. Gejalanya sekilas seperti orang lagi kena depresi berat atau stress tapi itu krn benturan. Cairan otak ambles. Ga tau kenapa teringat aja ini. Search aja CFS.","1961144431513588155","","","in","","0","0","0","https://x.com/undefined/status/1961144431513588155","135054698",
"1961139288890016095","Thu Aug 28 18:50:17 +0000 2025","0","race week terus negara acakadut gini takut makin depresi gwe","1961139288890016095","","","in","","0","0","0","https://x.com/undefined/status/1961139288890016095","309551384",
"1961136016695374280","Thu Aug 28 18:37:17 +0000 2025","0","Bisa ga demonya sekalian menurunkan presiden pls ajg ini mah couldn't live any longer than 2 years if he's still the president asli. Depresi berat gue.","1961136016695374280","","","in","","0","0","0","https://x.com/undefined/status/1961136016695374280","1827005525219033088",
"1961136015474913779","Thu Aug 28 18:37:16 +0000 2025","0","gue lama lama depresi anjing sm ini motor","1961136015474913779","","","in","","0","0","0","https://x.com/undefined/status/1961136015474913779","1218501150250430465",
"1961135080547524980","Thu Aug 28 18:33:33 +0000 2025","0","Yasudahlah mari kita balik lihat post furi dan meme kucing saja tinggal disini saja sudah membuat diri ini depresi https://t.co/4AviZFBH7F","1961135080547524980","https://pbs.twimg.com/media/GzdZ9TMbkAE7XG2.jpg","","in","","0","0","0","https://x.com/undefined/status/1961135080547524980","1578976640079908864",
"1961133311155474544","Thu Aug 28 18:28:01 +0000 2025","0","Sok ke Taiwan Baru belajar persiapan kurang sebulan aja depresi nya kambuh (salahkan pengajar yang kurang professional dan admin yang sgt jontol)","1961133684829950155","","tillcumjar","in","","1","0","0","https://x.com/undefined/status/1961133684829950155","1837485465186062338",
"1961132400098119693","Thu Aug 28 18:22:54 +0000 2025","0","HARUSNYA LO SEMUA DI HUKUM MATI BANGSAT DI MISKINKAN SEMISKIN-MISKINNYA DEPRESI PUTUS ASA MENDERITA DUNIA AKHIRAT.","1961132400098119693","","","in","","0","0","0","https://x.com/undefined/status/1961132400098119693","1433778819756802053",
"1961131907053490233","Thu Aug 28 18:20:57 +0000 2025","0","Udah masuk tahap depresi.","1961131907053490233","","","in","","0","0","0","https://x.com/undefined/status/1961131907053490233","72219475",
"1961130021147557953","Thu Aug 28 18:13:27 +0000 2025","0","we'll be knights sama epn sama sama depressing bedanya epn depresi dengan gaya","1961130021147557953","","","in","","0","0","0","https://x.com/undefined/status/1961130021147557953","1746461868099776513",
"1961128850408239418","Thu Aug 28 18:08:48 +0000 2025","0","W ga lagi depresi krn ga punya pekerjaan formal. W depresi krn tinggal di negara bobrok mampus nauzubillah ini.","1961128850408239418","","","in","","0","0","0","https://x.com/undefined/status/1961128850408239418","1556917829995495425",
"1961127669040648571","Thu Aug 28 18:04:06 +0000 2025","6","depresi pengen colmek yg enak rasanya hhhh","1961127669040648571","","","in","","0","0","0","https://x.com/undefined/status/1961127669040648571","1725080403130843136",
"1961126796386341100","Thu Aug 28 18:00:38 +0000 2025","0","Sebenarnya aku gak bisa tidur dengan kondisi negara kayak gini Ditambah lagi ortu tone deaf tentang hal beginian Depresi banget Sedang di rumah Sepertinya aku harus melanjutkan istirahat hari ini karena besok bekerja Walaupun gak kaya kaya Yang kaya kan dpr","1961126796386341100","","","in","","0","0","0","https://x.com/undefined/status/1961126796386341100","2396802132",
"1961125201800011979","Thu Aug 28 17:54:18 +0000 2025","4","bikin depresi lu wok https://t.co/viNGsGNOqQ","1961125201800011979","https://pbs.twimg.com/media/GzdQ-GhbkAEa4pk.jpg","","in","","0","0","0","https://x.com/undefined/status/1961125201800011979","1351940559145865216",
"1961124578132201883","Thu Aug 28 17:51:50 +0000 2025","0","hiii apa ga takut ya hari2 dihantui rasa bersalah sampe depresi berat xixixii","1961124578132201883","","","in","","0","0","0","https://x.com/undefined/status/1961124578132201883","1062174440723644417",
"1961079049390055764","Thu Aug 28 17:51:11 +0000 2025","0","@ajuykuliah tkt ikutan bolak balik timeline MAKIN DEPRESI GW AJG","1961124416462659659","","ajuykuliah","in","","0","0","0","https://x.com/undefined/status/1961124416462659659","1806692079592210432",
"1961123910575096221","Thu Aug 28 17:49:10 +0000 2025","0","fuck youuuuuu semoga lo semua cepet melarat sakit depresi dll","1961123910575096221","","","in","","0","0","0","https://x.com/undefined/status/1961123910575096221","1433778819756802053",
"1961118031175954509","Thu Aug 28 17:25:49 +0000 2025","0","tau gak sih apa yg lebih bikin depresi? walaupun udah didemoa begimana pun kaga akan tersentuh jg itu dpr. kayakk ya Allahh kok gini kali","1961118031175954509","","","in","","0","0","0","https://x.com/undefined/status/1961118031175954509","170183157",
"1961117311777050650","Thu Aug 28 17:22:57 +0000 2025","14","Serba bingung juga jadi WNI. Mau mati muda tapi pengen liat pejabat negara disiksa dulu di dunia. Mau hidup lama juga depresi tinggal di Indonesia.","1961117311777050650","","","in","","0","0","1","https://x.com/undefined/status/1961117311777050650","865937520722182145",
"1961117274250907927","Thu Aug 28 17:22:48 +0000 2025","0","WahÂ² Orang Polisi lagi Depresi wajar di Jakarta yang seperti itu makanya bikin setress.","1961117274250907927","","","in","","0","0","0","https://x.com/undefined/status/1961117274250907927","1372085515629985796",
"1961116094673879235","Thu Aug 28 17:18:07 +0000 2025","0","Depresi 12.17 gue baru beressss Stress bgt gue lama lama gue bawa kasur aja ke kantor","1961116094673879235","","","in","","0","0","0","https://x.com/undefined/status/1961116094673879235","1021084827364151297",
"1961115803757285602","Thu Aug 28 17:16:58 +0000 2025","0","pls normalisasi ngejawab saya wni kalo ada yg nanya kenapa kamu stres? kenapa kamu depresi? ","1961115803757285602","","","in","","0","0","0","https://x.com/undefined/status/1961115803757285602","389381727",
"1961115751550783594","Thu Aug 28 17:16:45 +0000 2025","0","Negara yang kacau aku yang depresi ngeliat makin hari negara ini makin gila","1961115751550783594","","","in","","0","0","0","https://x.com/undefined/status/1961115751550783594","1760433039900114944",
"1961114611513524623","Thu Aug 28 17:12:13 +0000 2025","0","ya allah zuzu plis hidup sampe gw lulus kuliah amit lu mati gw depresi setahun anjing https://t.co/3sdO5NMZ7Q","1961114611513524623","https://pbs.twimg.com/media/GzdHVuFbkAIv0un.jpg","","in","","0","1","0","https://x.com/undefined/status/1961114611513524623","1773734808235245568",
"1961114244986147170","Thu Aug 28 17:10:46 +0000 2025","2","Niat buka twitter bentar sebelum bobo eh liat berita polisi ngelindes rakyat. Campur aduk banget perasaan ya allah bener deh kayaknya jadi WNI ini meningkatkan peluang untuk depresi","1961114244986147170","","","in","","0","0","0","https://x.com/undefined/status/1961114244986147170","1216311970837590016",
"1961112367418544554","Thu Aug 28 17:03:18 +0000 2025","0","Ini gak ada gerakan 'witch hunting' ke anggota DPR dan keluarganya gitu?? Setidaknya mereka ngerasain konsekuensinya sampe depresi lah minimal karena cyber-bullying ","1961112367418544554","","","in","","0","0","0","https://x.com/undefined/status/1961112367418544554","1237962315368030208",
"1961106872758669731","Thu Aug 28 17:02:34 +0000 2025","0","@ausreadd SEMOGA HIDUP MEREKA YANG JAHAT DIPENUHI KECEMASAN AKUT BIAR GILA DEPRESI TRUS MATI GAK ADA YANG NOLONG!","1961112180939440479","","ausreadd","in","","0","0","0","https://x.com/undefined/status/1961112180939440479","1785946646255443968",
"1961111871546953833","Thu Aug 28 17:01:20 +0000 2025","0","Ternyata terjawab kenapa akhir-akhir ini berasa emosi terus. Ternyata bukan karna obat bukan karna efek depresi tahun lalu. Tapi karna ternyata aku WNI ","1961111871546953833","","","in","","0","1","0","https://x.com/undefined/status/1961111871546953833","189870385",
"1961111822951748088","Thu Aug 28 17:01:08 +0000 2025","0","GUE UDAH DEPRESI GARAÂ² MENJADI WNI DAN MENONTON B2P MAKIN DEPRESI GARAÂ² MAIN ROBLOX NAIK GUNUNG SIBUATAN NGESTUCK DI CP 35 BANGSATTTTTTT UDAH HAMPIR SEHARIAN KAGAK PUNCAK JUGA","1961111822951748088","","","in","","0","1","0","https://x.com/undefined/status/1961111822951748088","1542051171103539200",
"1961061245869547619","Thu Aug 28 16:58:29 +0000 2025","0","@wattpadmenfess_ Personal experienceplus I've gone to therapist many times. Jd kurleb tahu lah responÂ² para terapis ni. Tinggal tulis ajaak ga nulis yg berat tema tertentu kyk skizofrenia. Cuma depresi aja konfliknya aja udh perselingkuhan tmbahin aneh2 yg nulis edan ntar wk.","1961111154971058575","","wattpadmenfess_","in","","0","0","0","https://x.com/undefined/status/1961111154971058575","1568796239650766848",
"1961058802096390502","Thu Aug 28 16:45:20 +0000 2025","1","@Raiharlan Niih ya. Semoga hidup lo dan seluruh keluarga besar lo dihantui rasa bersalah semoga hidup lo selalu dibayangi oleh korban yg udh kalian tabrak semoga kalian para pelaku depresi dan gila.","1961107845673619553","","Raiharlan","in","","0","0","0","https://x.com/undefined/status/1961107845673619553","1729545762122719234",
"1961105086945661031","Thu Aug 28 16:34:22 +0000 2025","0","berhasil ngebunuh seenggok nyawa tak bersalah dan tanggapan lu cuma minta maaf ??? semoga hidup kalian terus dihantuin bayang-bayang rasa bersalah kalo bisa sampe depresi dan berakhir bunuh diri.","1961105086945661031","","","in","","0","0","0","https://x.com/undefined/status/1961105086945661031","1899691401081929729",
"1961103790897262733","Thu Aug 28 16:29:13 +0000 2025","0","buka twt gwe yg satu lagi depresi bgt jir sumpah","1961103790897262733","","","in","","0","0","0","https://x.com/undefined/status/1961103790897262733","1676291708974411776",
"1961103026913230863","Thu Aug 28 16:26:11 +0000 2025","0","Aku ning jakarta pe kondangan kancaku nikah. Malah tekan kene depresi iku kepiye YA ALLAHHHHH ","1961103026913230863","","","in","","0","0","0","https://x.com/undefined/status/1961103026913230863","1802813563037523968",
"1961102206637396012","Thu Aug 28 16:22:56 +0000 2025","1","depresi bgt dah liat negara ini #acab","1961102206637396012","","","in","","0","0","0","https://x.com/undefined/status/1961102206637396012","1176506095931555840",
"1961101535028670861","Thu Aug 28 16:20:16 +0000 2025","0","depresi buka twitter","1961101535028670861","","","in","","0","0","0","https://x.com/undefined/status/1961101535028670861","1328736090975391744",
"1960954764860276862","Thu Aug 28 16:16:52 +0000 2025","0","@JaraanSS Depresi nya tiap hari woi","1961100680292446448","","JaraanSS","in","","0","0","0","https://x.com/undefined/status/1961100680292446448","1124537245061369857",
"1961051370150051985","Thu Aug 28 16:13:49 +0000 2025","0","@xoxoechaw jujur depresi karena gaada hivi","1961099914169262360","","xoxoechaw","in","","0","0","0","https://x.com/undefined/status/1961099914169262360","1343876911051620356",
"1961099109961728396","Thu Aug 28 16:10:37 +0000 2025","2","negara gendeng gimana warga ga depresi kl gini.","1961099109961728396","","","in","","0","1","0","https://x.com/undefined/status/1961099109961728396","1917601072518221824",
"1958340098698944838","Thu Aug 28 16:09:08 +0000 2025","0","@story31_ @TXT_members Duh kasian pemilik akun ini depresi bgt ya @story31_","1961098735871836540","","story31_","in","","0","0","0","https://x.com/undefined/status/1961098735871836540","1911429319642972160",
"1961097835405062576","Thu Aug 28 16:05:34 +0000 2025","16","yang nyebabin ojol sampe meninggal kudu dipenjara juga atau NYAWA DIBALES NYAWA. gue doain yang nyetir tuh mobil hidupnya ga pernah tenang pikirannya keinget kejadian nabrak bapak ojol mulu sampe depresi dan diberi balasan setimpal atas perbuatannya.","1961097835405062576","","","in","","0","1","0","https://x.com/undefined/status/1961097835405062576","1709066142038523904",
"1961074185226375172","Thu Aug 28 14:31:35 +0000 2025","0","paling jago roasting dan jailin gw tapi kalo gw udah diem dan keliatan depresi beliau adalah orang pertama yg menawarkan telinga untuk mendengar seluruh masalah sayaï¸heals my brother issues https://t.co/7NfzgVFJwd","1961074185226375172","https://pbs.twimg.com/media/Gzciku5boAAae1c.jpg","","in","","0","0","0","https://x.com/undefined/status/1961074185226375172","1852156279101493248",
"1961063806140084675","Thu Aug 28 14:27:13 +0000 2025","0","@michiscape Kakel mukanya pada depresi madesu menghadapi ujian nasional ","1961073085429539093","","michiscape","in","","0","1","0","https://x.com/undefined/status/1961073085429539093","75233843",
"1961071002269761993","Thu Aug 28 14:18:56 +0000 2025","1","Kalo bilang capek doank dianggap kurang bersyukur ya pantesan banyak orang depresi.","1961071002269761993","","","in","","0","1","0","https://x.com/undefined/status/1961071002269761993","226126690",
"1960679811409698856","Thu Aug 28 13:58:26 +0000 2025","69","Akibat hal itu Ferro kembali terlihat seperti orang kebingungan dan depresi. Dan parahnya mimpinya kali ini jauh lebih menyeramkan dari sebelumnya. Dalam mimpinya itu Ferro melihat orang orang yg saling b_nuh sementara dari dalam hutan ada sosok sosok yg berdiri mengelilingi-","1961065844387336412","","mwv_mystic","in","","0","1","2","https://x.com/undefined/status/1961065844387336412","1179451804280479744",
"1961065411497042327","Thu Aug 28 13:56:43 +0000 2025","0","alhamdulillah another 2 digit dari kantor iniii agustus emg gedebag gedebug trs sempet depresi kemaren tapi hadiahnya ini huaa https://t.co/V9O6pdwBe0","1961065411497042327","https://pbs.twimg.com/media/Gzcak8IasAAFiOK.jpg","","in","","0","1","0","https://x.com/undefined/status/1961065411497042327","1499406327151398915",
"1961062933078675651","Thu Aug 28 13:46:52 +0000 2025","1","lucu gak sih kalo ke psikiater krn depresi yg dipicu oleh kelakuan pemerintah indonesia ..","1961062933078675651","","","in","","0","1","1","https://x.com/undefined/status/1961062933078675651","211110520",
"1961062072332198206","Thu Aug 28 13:43:27 +0000 2025","0","Keknya klo pulang bakal depresi si diliat2 ","1961062072332198206","","","in","","0","0","0","https://x.com/undefined/status/1961062072332198206","1081527149012471808",
"1960929133531451547","Thu Aug 28 13:37:37 +0000 2025","0","@yourcaptaein @The_RedsIndo @yginiygituu udah depresi akut kayaknya si bang ","1961060604694974840","","yourcaptaein","in","","0","0","0","https://x.com/undefined/status/1961060604694974840","1132379842022764544",
"1961056609871757506","Thu Aug 28 13:34:03 +0000 2025","0","Dr. Stone D nya apa? Betul depresi","1961059706551796088","","rashi_cchi","in","","0","0","0","https://x.com/undefined/status/1961059706551796088","1573895592799260673",
"1961059259447496728","Thu Aug 28 13:32:16 +0000 2025","0","demi apapun gw depresi mancing","1961059259447496728","","","in","","0","0","0","https://x.com/undefined/status/1961059259447496728","1717884221736595456",
"1961055783740932443","Thu Aug 28 13:18:28 +0000 2025","0","Geli bgt sm cara dia balesin kritik orang di IG bawa2 status penyintas depresi + ibu abk. Cengeng bgt najis minta bgt dikasianin.","1961055785901023497","","ladyofnofucks","in","","0","0","0","https://x.com/undefined/status/1961055785901023497","1084346958397861888",
"1961053561170927886","Thu Aug 28 13:09:38 +0000 2025","0","Terjadi di aku pas 2012 Aku yg sekarang hidup karena aku sempet mati di taun itu Masih membawa luka bernama depresi","1961053561170927886","","","in","","0","0","0","https://x.com/undefined/status/1961053561170927886","1054551074860756992",
"1961052501576237465","Thu Aug 28 13:05:25 +0000 2025","0","selalu mendem selalu gapapain semuanya tiba-tiba gejala depresi:)))","1961052501576237465","","","in","","0","1","0","https://x.com/undefined/status/1961052501576237465","4314859399",
"1961051548953530527","Thu Aug 28 13:01:38 +0000 2025","0","wkwkwk anjir depresi","1961051548953530527","","","in","","0","0","0","https://x.com/undefined/status/1961051548953530527","1105489665899917312",
"1960944810954457393","Thu Aug 28 13:01:35 +0000 2025","0","@fykhrk47 iwak yang bikin sedih dan depresi","1961051538400694355","","fykhrk47","in","","0","1","0","https://x.com/undefined/status/1961051538400694355","1414232200959037442",
"1961050987571069228","Thu Aug 28 12:59:24 +0000 2025","25","Bukan proyek aja yg butuh tumbal revolusi juga wkwk Tp serius kalo ini bnar jancok sih. AnakÂ² yg baru puber dijadiin tumbal benarÂ² biadap &amp; menjijikan. Minimal itu pake aja buruh yg idupnya lg depresi krn bnyk utang misalnya pasti mereka lbh siap sedia mengorbankan diri.","1961050987571069228","","","in","","0","0","13","https://x.com/undefined/status/1961050987571069228","1722042052454793216",
"1961048076954816754","Thu Aug 28 12:52:42 +0000 2025","0","Ga kerja ga ada duit = depresi kerja tapi dapet kerjaan super puyeng = depresi. Mati aja apa ya","1961049300248690777","","yourcarisnthis","in","","0","0","0","https://x.com/undefined/status/1961049300248690777","1181844588220207105",
"1960263579946598488","Thu Aug 28 12:50:39 +0000 2025","0","juliet nih kocak juga ya kan kamu depresi nangis nangis trus ibumu membuat konklusi (yg emg aneh bat) trus kamu nolak ngomongnya muter muter emaknya ga ngerti bjirrr kisah romeo juliet tragis karna miskom dan pembicaraan tidak on point TAKIT BANGET","1961048786245189770","","caramelchoxlate","in","","0","1","0","https://x.com/undefined/status/1961048786245189770","1319801357998518272",
"1961048682163298370","Thu Aug 28 12:50:15 +0000 2025","0","guys ada jokes atau meme lucu ga kirim dong lagi depresi berat cape","1961048682163298370","","","in","","0","3","0","https://x.com/undefined/status/1961048682163298370","1809136549818421248",
"1961046092201824609","Thu Aug 28 12:47:28 +0000 2025","0","@pangsit_dimsum gapapa. paling depresi","1961047984633958490","","pangsit_dimsum","in","","0","1","0","https://x.com/undefined/status/1961047984633958490","938011484449148928",
"1961040745978384704","Thu Aug 28 12:39:00 +0000 2025","0","@haudhiizza denger radiohead (lagu depresi sih itu)","1961045852216283434","","haudhiizza","in","","0","1","0","https://x.com/undefined/status/1961045852216283434","1305371021466152962",
"1929526489260949846","Thu Aug 28 12:38:05 +0000 2025","0","@waujak Baca kak tapi isinya lebih ke disturbingly gila yang bikin darah mendidih dan mual gitu soalnya mostly soal seggs and prostitute thingy (meski ada historicnya dikit) triggeringnya dari situ. Kalo no longer human sih emang tokohnya depresi dan suicidal","1961045624163643787","","wa77w0kj8k627jg","in","","0","1","0","https://x.com/undefined/status/1961045624163643787","1857568810171240448",
"1961044052624998467","Thu Aug 28 12:31:51 +0000 2025","0","Depresi gua lama lama kalo begini eek","1961044052624998467","","","in","","0","0","0","https://x.com/undefined/status/1961044052624998467","1473326172003913728",
"1960900145563725949","Thu Aug 28 12:28:47 +0000 2025","0","@ARSIPAJA Si goblog: Bukan Kejahatan Biji Peler Lu!!! -banyak orang bunuh diri karena kemiskinan tersistem disebabkan para koruptor gak dibakar idup2! -banyak generasi depresi dan hidupnya tak berarti karena para bedebah koruptor merampok kesempatan2 baik mereka! -BAJINGAN LU SAITON!","1961043280579502446","","ARSIPAJA","in","","0","0","0","https://x.com/undefined/status/1961043280579502446","1349322205",
"1960976416465674421","Thu Aug 28 12:24:28 +0000 2025","0","@chayaruuu childhood pasti bakal lucu troop nya cocok untuk aku yg depresi ini","1961042197408530565","","chayaruuu","in","","0","0","0","https://x.com/undefined/status/1961042197408530565","1248615031983321091",
"1961020980085559333","Thu Aug 28 12:08:08 +0000 2025","2","@kampungphilos ga cocok ini judulnya cocoknya cinta dan depresi yang mendalam","1961038084717625686","","kampungphilos","in","","0","0","0","https://x.com/undefined/status/1961038084717625686","1442134814346285059",
"1961037799798534159","Thu Aug 28 12:07:00 +0000 2025","1","BRAINOVIT dapat membantu : - Meningkatkan daya ingat &amp; konsentrasi - Anti depresi atau depresan alami - Memelihara performa otak https://t.co/s8aSpVSFZZ https://t.co/6s3LY3LjTb https://t.co/bvVgkFExgB","1961037799798534159","https://pbs.twimg.com/media/Gza7G5_a4AIg7nY.jpg","","in","","0","0","1","https://x.com/undefined/status/1961037799798534159","1163677564881141761",
"1961034451556925733","Thu Aug 28 12:00:36 +0000 2025","0","@Verenaryn gak gimana-gimana sih depresi paling ","1961036191039463437","","Verenaryn","in","","0","0","0","https://x.com/undefined/status/1961036191039463437","1552711835463593984",
"1960967709400670526","Thu Aug 28 12:00:19 +0000 2025","0","@rientastm @simphamhanni Wah ga mikir ya bahas active job aja kalian udah kalah masa bahas prestasi? Nanti makin depresi pindah fandom aja gih pengangguran kok masih didukung ","1961036119753326663","","rientastm","in","","0","1","0","https://x.com/undefined/status/1961036119753326663","1612292353590702081",
"1961031148085379170","Thu Aug 28 11:55:17 +0000 2025","0","@aiakakuro Udah depresi dluan itu sama judul kartunya ","1961034850464682084","","aiakakuro","in","","0","1","0","https://x.com/undefined/status/1961034850464682084","1089385640548954112",
"1961033628214853639","Thu Aug 28 11:50:25 +0000 2025","371","[WEVERSE] 250828 #WOONHAK : aku hari ini depresi banget aku nangis selama satu jam : nangis tuh bagus kok (gak papa). Sekali nangis langkah aku (rasanya) jadi lebih enteng buang semua kesedihan kamu lewat air mata terus abis itu jalan lagi! #BOYNEXTDOOR #ë³´ì´ë„¥ìŠ¤íŠ¸ë„ì–´ https://t.co/gsnFdVv8uN","1961033628214853639","https://pbs.twimg.com/media/Gzb9r4eaEAA1mNo.jpg","","in","","90","0","78","https://x.com/undefined/status/1961033628214853639","1624709958586728451",
"1961025143410684132","Thu Aug 28 11:16:42 +0000 2025","0","DEPRESI BUKAN CUMA URUSAN MENTAL TAPI BISA PICU CACAR API! Bukan hanya mengganggu pikiran dan mental depresi juga bisa menyebabkan imunitas menurun. Studi menunjukkan bahwa depresi dapat meningkatkan risiko terkena cacar api hingga 1 24 kali lipat lebih tinggi. https://t.co/6uXR23L7ld","1961025143410684132","https://pbs.twimg.com/media/Gzb180XbAAA9X7O.jpg","","in","","0","2","0","https://x.com/undefined/status/1961025143410684132","4618731253",
"1961017479012196493","Thu Aug 28 10:46:16 +0000 2025","0","walaupun tetep mendengar keluh kesah seseorang yang depresi tapi setidaknya kehadiranku bisa menghibur dia yang (sementara) ditemenin orang","1961017480844853580","","bebaslepas343","in","","0","0","0","https://x.com/undefined/status/1961017480844853580","1943112959766728704",
"1960944929334579558","Thu Aug 28 10:44:01 +0000 2025","0","@sunskies_daisy plsss samaaa pengen liat wenlang depresi ngejar2 gaotu balik ","1961016917617000511","","sunskies_daisy","in","","0","0","0","https://x.com/undefined/status/1961016917617000511","3571698912",
"1960893159312941083","Thu Aug 28 10:36:44 +0000 2025","5","@utfess Hi sender aku sempet depresi setelah lulus SMA di tahun 2016. Tahun ini baru ngeberaniin diri buat kuliah di UT setelah bertahun-tahun.","1961015082923745495","","utfess","in","","0","1","0","https://x.com/undefined/status/1961015082923745495","1360034159050166273",
"1961012588579271150","Thu Aug 28 10:26:49 +0000 2025","0","Aku kalo lagi depresi cuma pengen tidur lamaaaaaaa.. sama minum matcha latte deh boleh","1961012588579271150","","","in","","0","0","0","https://x.com/undefined/status/1961012588579271150","286144527",
"1960824082645311850","Thu Aug 28 10:13:34 +0000 2025","0","@meongguz /depresi","1961009253172564054","","meongguz","in","","0","0","0","https://x.com/undefined/status/1961009253172564054","1905547481259409409",
"1961008735578669437","Thu Aug 28 10:11:30 +0000 2025","1","Lebih ke depresi sampe coba bundir dibanding gagal move on. Dibanding judul lain menurutku ini yang paling relate ama kehidupan RL. Sampe inget dulu ada yang nyuruh adu nasib bayangin kalo ada di posisi MC. Padahal loh ya berapa banyak sih yang berakhir ama cinta pertama? ","1961008735578669437","","","in","","0","0","0","https://x.com/undefined/status/1961008735578669437","52020359",
"1961002745105641760","Thu Aug 28 09:47:42 +0000 2025","12","update lanjut ntar malem dah atmin lg depresi","1961002745105641760","","","in","","0","2","0","https://x.com/undefined/status/1961002745105641760","1888475485774245888",
"1961001423799251397","Thu Aug 28 09:42:27 +0000 2025","0","Ak: berat aku naik 8 kilo tau Temen: KOK BISA Ak: minum obat depresi","1961001423799251397","","","in","","0","0","0","https://x.com/undefined/status/1961001423799251397","784283473833930752",
